-- MySQL Script generated by MySQL Workbench
-- Sat Jan 14 20:11:13 2023
-- Model: New Model    Version: 1.0
-- MySQL Workbench Forward Engineering

SET @OLD_UNIQUE_CHECKS=@@UNIQUE_CHECKS, UNIQUE_CHECKS=0;
SET @OLD_FOREIGN_KEY_CHECKS=@@FOREIGN_KEY_CHECKS, FOREIGN_KEY_CHECKS=0;
SET @OLD_SQL_MODE=@@SQL_MODE, SQL_MODE='ONLY_FULL_GROUP_BY,STRICT_TRANS_TABLES,NO_ZERO_IN_DATE,NO_ZERO_DATE,ERROR_FOR_DIVISION_BY_ZERO,NO_ENGINE_SUBSTITUTION';

-- -----------------------------------------------------
-- Schema youtube
-- -----------------------------------------------------

-- -----------------------------------------------------
-- Schema youtube
-- -----------------------------------------------------
CREATE SCHEMA IF NOT EXISTS `youtube` DEFAULT CHARACTER SET utf8 ;
USE `youtube` ;

-- -----------------------------------------------------
-- Table `youtube`.`users`
-- -----------------------------------------------------
CREATE TABLE IF NOT EXISTS `youtube`.`users` (
  `user_id` INT NOT NULL AUTO_INCREMENT,
  `email` VARCHAR(45) NOT NULL,
  `password` VARCHAR(45) NOT NULL,
  `user_name` VARCHAR(45) NOT NULL,
  `birthdate` DATE NOT NULL,
  `gender` VARCHAR(45) NOT NULL,
  `country` VARCHAR(45) NOT NULL,
  `postal_code` VARCHAR(45) NOT NULL,
  PRIMARY KEY (`user_id`))
ENGINE = InnoDB;


-- -----------------------------------------------------
-- Table `youtube`.`videos`
-- -----------------------------------------------------
CREATE TABLE IF NOT EXISTS `youtube`.`videos` (
  `video_id` INT NOT NULL AUTO_INCREMENT,
  `video_title` VARCHAR(45) NOT NULL,
  `description` MEDIUMTEXT NOT NULL,
  `size` DECIMAL(4,2) NOT NULL,
  `file_name` VARCHAR(45) NOT NULL,
  `duration` TIME NOT NULL,
  `thumbnail` VARCHAR(45) NULL,
  `number_of_views` INT NOT NULL,
  `number_of_likes` INT NULL DEFAULT 0,
  `number_of_downvotes` INT NULL DEFAULT 0,
  `video_status` VARCHAR(45) NOT NULL,
  `users_user_id` INT NOT NULL,
  `publication_date` DATETIME NOT NULL DEFAULT CURRENT_TIMESTAMP,
  PRIMARY KEY (`video_id`),
  INDEX `fk_videos_users1_idx` (`users_user_id` ASC) INVISIBLE,
  CONSTRAINT `fk_videos_users1`
    FOREIGN KEY (`users_user_id`)
    REFERENCES `youtube`.`users` (`user_id`)
    ON DELETE CASCADE
    ON UPDATE CASCADE)
ENGINE = InnoDB;


-- -----------------------------------------------------
-- Table `youtube`.`video_tags`
-- -----------------------------------------------------
CREATE TABLE IF NOT EXISTS `youtube`.`video_tags` (
  `video_tag_id` INT NOT NULL AUTO_INCREMENT,
  `tag_name` VARCHAR(45) NOT NULL,
  PRIMARY KEY (`video_tag_id`))
ENGINE = InnoDB;


-- -----------------------------------------------------
-- Table `youtube`.`chanels`
-- -----------------------------------------------------
CREATE TABLE IF NOT EXISTS `youtube`.`chanels` (
  `chanel_id` INT NOT NULL AUTO_INCREMENT,
  `chanel_name` VARCHAR(45) NOT NULL,
  `chanel_description` MEDIUMTEXT NOT NULL,
  `creation_date` DATETIME NOT NULL DEFAULT CURRENT_TIMESTAMP,
  `users_user_id` INT NOT NULL,
  PRIMARY KEY (`chanel_id`),
  INDEX `fk_chanels_users1_idx` (`users_user_id` ASC) VISIBLE,
  CONSTRAINT `fk_chanels_users1`
    FOREIGN KEY (`users_user_id`)
    REFERENCES `youtube`.`users` (`user_id`)
    ON DELETE CASCADE
    ON UPDATE CASCADE)
ENGINE = InnoDB;


-- -----------------------------------------------------
-- Table `youtube`.`subscriptions`
-- -----------------------------------------------------
CREATE TABLE IF NOT EXISTS `youtube`.`subscriptions` (
  `subscription_id` INT NOT NULL AUTO_INCREMENT,
  `users_user_id` INT NOT NULL,
  `chanels_chanel_id` INT NOT NULL,
  PRIMARY KEY (`subscription_id`),
  INDEX `fk_subscriptions_users1_idx` (`users_user_id` ASC) VISIBLE,
  INDEX `fk_subscriptions_chanels1_idx` (`chanels_chanel_id` ASC) VISIBLE,
  CONSTRAINT `fk_subscriptions_users1`
    FOREIGN KEY (`users_user_id`)
    REFERENCES `youtube`.`users` (`user_id`)
    ON DELETE CASCADE
    ON UPDATE CASCADE,
  CONSTRAINT `fk_subscriptions_chanels1`
    FOREIGN KEY (`chanels_chanel_id`)
    REFERENCES `youtube`.`chanels` (`chanel_id`)
    ON DELETE CASCADE
    ON UPDATE CASCADE)
ENGINE = InnoDB;


-- -----------------------------------------------------
-- Table `youtube`.`video_votes`
-- -----------------------------------------------------
CREATE TABLE IF NOT EXISTS `youtube`.`video_votes` (
  `video_vote_id` INT NOT NULL AUTO_INCREMENT,
  `vote_type` VARCHAR(45) NOT NULL,
  `vote_datetime` DATETIME NOT NULL DEFAULT CURRENT_TIMESTAMP,
  `users_user_id` INT NOT NULL,
  `videos_video_id` INT NOT NULL,
  PRIMARY KEY (`video_vote_id`),
  INDEX `fk_video_votes_users1_idx` (`users_user_id` ASC) VISIBLE,
  INDEX `fk_video_votes_videos1_idx` (`videos_video_id` ASC) VISIBLE,
  CONSTRAINT `fk_video_votes_users1`
    FOREIGN KEY (`users_user_id`)
    REFERENCES `youtube`.`users` (`user_id`)
    ON DELETE CASCADE
    ON UPDATE CASCADE,
  CONSTRAINT `fk_video_votes_videos1`
    FOREIGN KEY (`videos_video_id`)
    REFERENCES `youtube`.`videos` (`video_id`)
    ON DELETE CASCADE
    ON UPDATE CASCADE)
ENGINE = InnoDB;


-- -----------------------------------------------------
-- Table `youtube`.`playlists`
-- -----------------------------------------------------
CREATE TABLE IF NOT EXISTS `youtube`.`playlists` (
  `playlist_id` INT NOT NULL,
  `playlist_name` VARCHAR(45) NOT NULL,
  `creation_date` DATE NOT NULL,
  `playlist_status` VARCHAR(45) NOT NULL,
  `users_user_id` INT NOT NULL,
  PRIMARY KEY (`playlist_id`),
  INDEX `fk_playlists_users1_idx` (`users_user_id` ASC) VISIBLE,
  CONSTRAINT `fk_playlists_users1`
    FOREIGN KEY (`users_user_id`)
    REFERENCES `youtube`.`users` (`user_id`)
    ON DELETE CASCADE
    ON UPDATE CASCADE)
ENGINE = InnoDB;


-- -----------------------------------------------------
-- Table `youtube`.`playlists_has_videos`
-- -----------------------------------------------------
CREATE TABLE IF NOT EXISTS `youtube`.`playlists_has_videos` (
  `playlists_playlist_id` INT NOT NULL,
  `videos_video_id` INT NOT NULL,
  PRIMARY KEY (`playlists_playlist_id`, `videos_video_id`),
  INDEX `fk_playlists_has_videos_videos1_idx` (`videos_video_id` ASC) VISIBLE,
  INDEX `fk_playlists_has_videos_playlists1_idx` (`playlists_playlist_id` ASC) VISIBLE,
  CONSTRAINT `fk_playlists_has_videos_playlists1`
    FOREIGN KEY (`playlists_playlist_id`)
    REFERENCES `youtube`.`playlists` (`playlist_id`)
    ON DELETE CASCADE
    ON UPDATE CASCADE,
  CONSTRAINT `fk_playlists_has_videos_videos1`
    FOREIGN KEY (`videos_video_id`)
    REFERENCES `youtube`.`videos` (`video_id`)
    ON DELETE CASCADE
    ON UPDATE CASCADE)
ENGINE = InnoDB;


-- -----------------------------------------------------
-- Table `youtube`.`comments`
-- -----------------------------------------------------
CREATE TABLE IF NOT EXISTS `youtube`.`comments` (
  `comment_id` INT NOT NULL AUTO_INCREMENT,
  `comment_text` MEDIUMTEXT NOT NULL,
  `comment_datetime` DATETIME NOT NULL DEFAULT CURRENT_TIMESTAMP,
  `users_user_id` INT NOT NULL,
  `videos_video_id` INT NOT NULL,
  PRIMARY KEY (`comment_id`),
  INDEX `fk_comments_users1_idx` (`users_user_id` ASC) VISIBLE,
  INDEX `fk_comments_videos1_idx` (`videos_video_id` ASC) VISIBLE,
  CONSTRAINT `fk_comments_users1`
    FOREIGN KEY (`users_user_id`)
    REFERENCES `youtube`.`users` (`user_id`)
    ON DELETE CASCADE
    ON UPDATE CASCADE,
  CONSTRAINT `fk_comments_videos1`
    FOREIGN KEY (`videos_video_id`)
    REFERENCES `youtube`.`videos` (`video_id`)
    ON DELETE CASCADE
    ON UPDATE CASCADE)
ENGINE = InnoDB;


-- -----------------------------------------------------
-- Table `youtube`.`comment_votes`
-- -----------------------------------------------------
CREATE TABLE IF NOT EXISTS `youtube`.`comment_votes` (
  `comment_vote_id` INT NOT NULL AUTO_INCREMENT,
  `vote_type` VARCHAR(45) NOT NULL,
  `vote_datetime` DATETIME NOT NULL DEFAULT CURRENT_TIMESTAMP,
  `users_user_id` INT NOT NULL,
  `comments_comment_id` INT NOT NULL,
  PRIMARY KEY (`comment_vote_id`),
  INDEX `fk_comment_votes_users1_idx` (`users_user_id` ASC) VISIBLE,
  INDEX `fk_comment_votes_comments1_idx` (`comments_comment_id` ASC) VISIBLE,
  CONSTRAINT `fk_comment_votes_users1`
    FOREIGN KEY (`users_user_id`)
    REFERENCES `youtube`.`users` (`user_id`)
    ON DELETE CASCADE
    ON UPDATE CASCADE,
  CONSTRAINT `fk_comment_votes_comments1`
    FOREIGN KEY (`comments_comment_id`)
    REFERENCES `youtube`.`comments` (`comment_id`)
    ON DELETE CASCADE
    ON UPDATE CASCADE)
ENGINE = InnoDB;


-- -----------------------------------------------------
-- Table `youtube`.`videos_has_video_tags`
-- -----------------------------------------------------
CREATE TABLE IF NOT EXISTS `youtube`.`videos_has_video_tags` (
  `videos_video_id` INT NOT NULL,
  `video_tags_video_tag_id` INT NOT NULL,
  PRIMARY KEY (`videos_video_id`, `video_tags_video_tag_id`),
  INDEX `fk_videos_has_video_tags_video_tags1_idx` (`video_tags_video_tag_id` ASC) VISIBLE,
  INDEX `fk_videos_has_video_tags_videos1_idx` (`videos_video_id` ASC) VISIBLE,
  CONSTRAINT `fk_videos_has_video_tags_videos1`
    FOREIGN KEY (`videos_video_id`)
    REFERENCES `youtube`.`videos` (`video_id`)
    ON DELETE CASCADE
    ON UPDATE CASCADE,
  CONSTRAINT `fk_videos_has_video_tags_video_tags1`
    FOREIGN KEY (`video_tags_video_tag_id`)
    REFERENCES `youtube`.`video_tags` (`video_tag_id`)
    ON DELETE CASCADE
    ON UPDATE CASCADE)
ENGINE = InnoDB;


SET SQL_MODE=@OLD_SQL_MODE;
SET FOREIGN_KEY_CHECKS=@OLD_FOREIGN_KEY_CHECKS;
SET UNIQUE_CHECKS=@OLD_UNIQUE_CHECKS;

-- -----------------------------------------------------
-- Data for table `youtube`.`users`
-- -----------------------------------------------------
START TRANSACTION;
USE `youtube`;
INSERT INTO `youtube`.`users` (`user_id`, `email`, `password`, `user_name`, `birthdate`, `gender`, `country`, `postal_code`) VALUES (1, 'marcosks@gmail.com', '12345', 'unsenyoro69', '1992-03-02', 'male', 'SPAIN', '32413');
INSERT INTO `youtube`.`users` (`user_id`, `email`, `password`, `user_name`, `birthdate`, `gender`, `country`, `postal_code`) VALUES (2, 'maryrose7@gmail.com', 'casiopea52', 'maryrose7', '1997-12-23', 'female', 'NORWAY', '12353');
INSERT INTO `youtube`.`users` (`user_id`, `email`, `password`, `user_name`, `birthdate`, `gender`, `country`, `postal_code`) VALUES (3, 'laraviitta22@hotmaill.com', 'lamiapassword', 'chiaecompania', '1991-11-15', 'female', 'ITALY', '12341');
INSERT INTO `youtube`.`users` (`user_id`, `email`, `password`, `user_name`, `birthdate`, `gender`, `country`, `postal_code`) VALUES (4, 'blackether@gmail.com', '12b39E80g5a', 'blackether', '1998-09-17', 'agender', 'UK', '72745');
INSERT INTO `youtube`.`users` (`user_id`, `email`, `password`, `user_name`, `birthdate`, `gender`, `country`, `postal_code`) VALUES (5, 'luvsjohnson@hotmaill.com', 'mYpAssWordIsThis', 'randomrandom', '1990-11-15', 'male', 'BELGIUM', '13546');
INSERT INTO `youtube`.`users` (`user_id`, `email`, `password`, `user_name`, `birthdate`, `gender`, `country`, `postal_code`) VALUES (6, 'foofighter88@gmail.com', 'fooFighters4EVAH', 'foofighters88', '1988-07-19', 'male', 'SPAIN', '14633');
INSERT INTO `youtube`.`users` (`user_id`, `email`, `password`, `user_name`, `birthdate`, `gender`, `country`, `postal_code`) VALUES (7, 'madsnielsen@gmail.com', 'bjorneson12', 'madsnielsen', '1973-12-05', 'male', 'DENMARK', '14356');
INSERT INTO `youtube`.`users` (`user_id`, `email`, `password`, `user_name`, `birthdate`, `gender`, `country`, `postal_code`) VALUES (8, 'lolaperez2@gmail.com', 'unaynomaspato1', 'lolalolazo2', '1984-05-24', 'female', 'SPAIN', '13456');
INSERT INTO `youtube`.`users` (`user_id`, `email`, `password`, `user_name`, `birthdate`, `gender`, `country`, `postal_code`) VALUES (9, 'elsaschneider@gmail.com', 'wieGetsUnder31', 'diehunderer9', '1994-07-18', 'female', 'GERMANY', '16334');
INSERT INTO `youtube`.`users` (`user_id`, `email`, `password`, `user_name`, `birthdate`, `gender`, `country`, `postal_code`) VALUES (10, 'hansliebsenn@gmail.com', 'olaolaesPaNol', 'heilveggies00', '1999-10-29', 'male', 'GERMANY', '62345');
INSERT INTO `youtube`.`users` (`user_id`, `email`, `password`, `user_name`, `birthdate`, `gender`, `country`, `postal_code`) VALUES (11, 'miagodx@hotmailll.com', 'firefliesandelse', 'onceuponamale', '2004-01-04', 'agender', 'UK', '34246');
INSERT INTO `youtube`.`users` (`user_id`, `email`, `password`, `user_name`, `birthdate`, `gender`, `country`, `postal_code`) VALUES (12, 'marialopez555@gmail.com', 'uno1dos2tres3', 'tirititraun36', '2001-08-23', 'female', 'SPAIN', '43253');
INSERT INTO `youtube`.`users` (`user_id`, `email`, `password`, `user_name`, `birthdate`, `gender`, `country`, `postal_code`) VALUES (13, 'neojonas@gmail.com', 'thehorizonisfar', 'neoweirdo', '1993-06-21', 'male', 'CANADA', '23575');
INSERT INTO `youtube`.`users` (`user_id`, `email`, `password`, `user_name`, `birthdate`, `gender`, `country`, `postal_code`) VALUES (14, 'mennesker00@hotmaill.com', 'undskildjegertreat', 'elskermig1', '1994-04-14', 'male', 'DENMARK', '78979');
INSERT INTO `youtube`.`users` (`user_id`, `email`, `password`, `user_name`, `birthdate`, `gender`, `country`, `postal_code`) VALUES (15, 'darioherrera23@gmail.com', 'lapinchatumare55', 'orgulloindigena6', '2003-12-12', 'male', 'MEXIC', '06244');

COMMIT;


-- -----------------------------------------------------
-- Data for table `youtube`.`videos`
-- -----------------------------------------------------
START TRANSACTION;
USE `youtube`;
INSERT INTO `youtube`.`videos` (`video_id`, `video_title`, `description`, `size`, `file_name`, `duration`, `thumbnail`, `number_of_views`, `number_of_likes`, `number_of_downvotes`, `video_status`, `users_user_id`, `publication_date`) VALUES (1, 'apm capitol 413', 'capitol 413 12-11-22', 89.34, 'apm_capitol_413', '00:24:11', 'apm_capitol_413.img', 23654, NULL, NULL, 'public', 1, '2016-03-21');
INSERT INTO `youtube`.`videos` (`video_id`, `video_title`, `description`, `size`, `file_name`, `duration`, `thumbnail`, `number_of_views`, `number_of_likes`, `number_of_downvotes`, `video_status`, `users_user_id`, `publication_date`) VALUES (2, 'hollow knight playthrough 1', 'game dev playing for the first time', 56.23, 'hk_playthrough_1', '00:06:51', 'hk_playthrough_1.img', 324642, NULL, NULL, 'hidden', 5, '2017-05-14');
INSERT INTO `youtube`.`videos` (`video_id`, `video_title`, `description`, `size`, `file_name`, `duration`, `thumbnail`, `number_of_views`, `number_of_likes`, `number_of_downvotes`, `video_status`, `users_user_id`, `publication_date`) VALUES (3, 'hollow knight playthrough 2', 'game dev trying to get double jump', 23.45, 'hk_playthrough_2', '00:08:46', 'hk_playthrough_2.img', 143564, NULL, NULL, 'hidden', 2, '2017-06-25');
INSERT INTO `youtube`.`videos` (`video_id`, `video_title`, `description`, `size`, `file_name`, `duration`, `thumbnail`, `number_of_views`, `number_of_likes`, `number_of_downvotes`, `video_status`, `users_user_id`, `publication_date`) VALUES (4, 'how to avoid senyoros on christmas', 'guide for young frustrated feminists', 54.35, 'feminist_guide_senyoros', '00:12:03', 'feminist_guide_senyoros.img', 12435, NULL, NULL, 'public', 3, '2019-01-11');
INSERT INTO `youtube`.`videos` (`video_id`, `video_title`, `description`, `size`, `file_name`, `duration`, `thumbnail`, `number_of_views`, `number_of_likes`, `number_of_downvotes`, `video_status`, `users_user_id`, `publication_date`) VALUES (5, 'amphibians in the world', 'the most amazing creatures living on earth', 24.12, 'ww_amphibians', '00:07:23', 'ww_amphibians.img', 22465, NULL, NULL, 'public', 1, '2019-07-28');
INSERT INTO `youtube`.`videos` (`video_id`, `video_title`, `description`, `size`, `file_name`, `duration`, `thumbnail`, `number_of_views`, `number_of_likes`, `number_of_downvotes`, `video_status`, `users_user_id`, `publication_date`) VALUES (6, 'how to insert images in mysql', 'step by step guide to learn the best way', 65.43, 'how_to_with_john_wilson_32', '00:04:16', 'how_to_with_john_wilson_32.img', 35461, NULL, NULL, 'private', 11, '2019-09-29');
INSERT INTO `youtube`.`videos` (`video_id`, `video_title`, `description`, `size`, `file_name`, `duration`, `thumbnail`, `number_of_views`, `number_of_likes`, `number_of_downvotes`, `video_status`, `users_user_id`, `publication_date`) VALUES (7, 'environmental analysis of cities', 'examples of sustainable policies for europeans', 34.23, 'city_examples_sustainability', '00:03:39', 'city_examples_sustainability.img', 5364121, NULL, NULL, 'public', 14, '2019-09-02');
INSERT INTO `youtube`.`videos` (`video_id`, `video_title`, `description`, `size`, `file_name`, `duration`, `thumbnail`, `number_of_views`, `number_of_likes`, `number_of_downvotes`, `video_status`, `users_user_id`, `publication_date`) VALUES (8, 'pregnancy announcements compilation 4', 'the best and funniest moments part 4', 76.62, 'pregnancy_compilation_4', '00:23:18', 'pregnancy_compilation_4.img', 135461, NULL, NULL, 'public', 9, '2020-02-18');
INSERT INTO `youtube`.`videos` (`video_id`, `video_title`, `description`, `size`, `file_name`, `duration`, `thumbnail`, `number_of_views`, `number_of_likes`, `number_of_downvotes`, `video_status`, `users_user_id`, `publication_date`) VALUES (9, 'how to get cheap education in europe', 'tricks to finance education for young adults', 34.24, 'tricks_and_treats_europe', '00:05:47', 'tricks_and_treats_europe.img', 13546, NULL, NULL, 'private', 4, '2020-11-29');
INSERT INTO `youtube`.`videos` (`video_id`, `video_title`, `description`, `size`, `file_name`, `duration`, `thumbnail`, `number_of_views`, `number_of_likes`, `number_of_downvotes`, `video_status`, `users_user_id`, `publication_date`) VALUES (10, 'el tornillo episodio 48', 'porque se llama feminismo y no igualdad', 64.83, 'tornillo_episodio_48', '00:16:04', 'tornillo_episodio_48.img', 13453632, NULL, NULL, 'public', 1, '2021-01-04');
INSERT INTO `youtube`.`videos` (`video_id`, `video_title`, `description`, `size`, `file_name`, `duration`, `thumbnail`, `number_of_views`, `number_of_likes`, `number_of_downvotes`, `video_status`, `users_user_id`, `publication_date`) VALUES (11, 'news about black lives matter protest', 'last news on Atlantas riots and detentions', 45.90, 'atlanta_protesters_1', '00:13:06', 'atlanta_protesters_1.img', 13546, NULL, NULL, 'private', 12, '2022-03-13');
INSERT INTO `youtube`.`videos` (`video_id`, `video_title`, `description`, `size`, `file_name`, `duration`, `thumbnail`, `number_of_views`, `number_of_likes`, `number_of_downvotes`, `video_status`, `users_user_id`, `publication_date`) VALUES (12, 'bo burnham white womans instagram', 'song of the one man show \'Inside\' on Netflix', 36.23, 'white_woman_bo_burham', '00:04:35', 'white_woman_bo_burham.img', 13246, NULL, NULL, 'public', 6, '2022-04-08');
INSERT INTO `youtube`.`videos` (`video_id`, `video_title`, `description`, `size`, `file_name`, `duration`, `thumbnail`, `number_of_views`, `number_of_likes`, `number_of_downvotes`, `video_status`, `users_user_id`, `publication_date`) VALUES (13, 'bo burnham welcome to the internet', 'song of the one man show \'Inside\' on Netflix', 74.73, 'welcome_internet_bo_burnham', '00:05:18', 'welcome_internet_bo_burnham.img', 7634, NULL, NULL, 'public', 6, '2022-05-27');
INSERT INTO `youtube`.`videos` (`video_id`, `video_title`, `description`, `size`, `file_name`, `duration`, `thumbnail`, `number_of_views`, `number_of_likes`, `number_of_downvotes`, `video_status`, `users_user_id`, `publication_date`) VALUES (14, 'curiosities about language phonemas', 'did you know there are 3 whistle languages', 54.28, 'language_phonemas_3', '00:17:58', 'language_phonemas_3.img', 257752, NULL, NULL, 'hidden', 2, '2022-10-25');
INSERT INTO `youtube`.`videos` (`video_id`, `video_title`, `description`, `size`, `file_name`, `duration`, `thumbnail`, `number_of_views`, `number_of_likes`, `number_of_downvotes`, `video_status`, `users_user_id`, `publication_date`) VALUES (15, 'best puzzle games on steam 2022', 'compilation of the best according to upvotes', 45.11, 'ranking_steam_puzzles', '00:02:39', 'ranking_steam_puzzles.img', 2678643, NULL, NULL, 'public', 8, '2023-01-01');

COMMIT;


-- -----------------------------------------------------
-- Data for table `youtube`.`video_tags`
-- -----------------------------------------------------
START TRANSACTION;
USE `youtube`;
INSERT INTO `youtube`.`video_tags` (`video_tag_id`, `tag_name`) VALUES (1, 'games');
INSERT INTO `youtube`.`video_tags` (`video_tag_id`, `tag_name`) VALUES (2, 'politics');
INSERT INTO `youtube`.`video_tags` (`video_tag_id`, `tag_name`) VALUES (3, 'news');
INSERT INTO `youtube`.`video_tags` (`video_tag_id`, `tag_name`) VALUES (4, 'music');
INSERT INTO `youtube`.`video_tags` (`video_tag_id`, `tag_name`) VALUES (5, 'humor');
INSERT INTO `youtube`.`video_tags` (`video_tag_id`, `tag_name`) VALUES (6, 'programming');
INSERT INTO `youtube`.`video_tags` (`video_tag_id`, `tag_name`) VALUES (7, 'public_opinion');
INSERT INTO `youtube`.`video_tags` (`video_tag_id`, `tag_name`) VALUES (8, 'reaction');
INSERT INTO `youtube`.`video_tags` (`video_tag_id`, `tag_name`) VALUES (9, 'random');
INSERT INTO `youtube`.`video_tags` (`video_tag_id`, `tag_name`) VALUES (10, 'animals');

COMMIT;


-- -----------------------------------------------------
-- Data for table `youtube`.`chanels`
-- -----------------------------------------------------
START TRANSACTION;
USE `youtube`;
INSERT INTO `youtube`.`chanels` (`chanel_id`, `chanel_name`, `chanel_description`, `creation_date`, `users_user_id`) VALUES (1, 'elRubiusReviews', 'reviews of the youtuber ElRubius videos', '2021-04-28', 6);
INSERT INTO `youtube`.`chanels` (`chanel_id`, `chanel_name`, `chanel_description`, `creation_date`, `users_user_id`) VALUES (2, 'myInterests', 'anything that I find interesting goes', '2021-09-07', 2);
INSERT INTO `youtube`.`chanels` (`chanel_id`, `chanel_name`, `chanel_description`, `creation_date`, `users_user_id`) VALUES (3, 'coolMusic', 'the best music of 2000s', '2022-02-01', 8);
INSERT INTO `youtube`.`chanels` (`chanel_id`, `chanel_name`, `chanel_description`, `creation_date`, `users_user_id`) VALUES (4, 'randomHumor', 'best humor videos in the internet', '2022-06-06', 12);
INSERT INTO `youtube`.`chanels` (`chanel_id`, `chanel_name`, `chanel_description`, `creation_date`, `users_user_id`) VALUES (5, 'elTornillo', 'el espacio feminista de la tuerca', '2022-10-24', 14);

COMMIT;


-- -----------------------------------------------------
-- Data for table `youtube`.`subscriptions`
-- -----------------------------------------------------
START TRANSACTION;
USE `youtube`;
INSERT INTO `youtube`.`subscriptions` (`subscription_id`, `users_user_id`, `chanels_chanel_id`) VALUES (1, 4, 3);
INSERT INTO `youtube`.`subscriptions` (`subscription_id`, `users_user_id`, `chanels_chanel_id`) VALUES (2, 7, 5);
INSERT INTO `youtube`.`subscriptions` (`subscription_id`, `users_user_id`, `chanels_chanel_id`) VALUES (3, 2, 5);
INSERT INTO `youtube`.`subscriptions` (`subscription_id`, `users_user_id`, `chanels_chanel_id`) VALUES (4, 8, 3);
INSERT INTO `youtube`.`subscriptions` (`subscription_id`, `users_user_id`, `chanels_chanel_id`) VALUES (5, 2, 2);
INSERT INTO `youtube`.`subscriptions` (`subscription_id`, `users_user_id`, `chanels_chanel_id`) VALUES (6, 13, 1);
INSERT INTO `youtube`.`subscriptions` (`subscription_id`, `users_user_id`, `chanels_chanel_id`) VALUES (7, 13, 3);
INSERT INTO `youtube`.`subscriptions` (`subscription_id`, `users_user_id`, `chanels_chanel_id`) VALUES (8, 6, 3);
INSERT INTO `youtube`.`subscriptions` (`subscription_id`, `users_user_id`, `chanels_chanel_id`) VALUES (9, 2, 4);
INSERT INTO `youtube`.`subscriptions` (`subscription_id`, `users_user_id`, `chanels_chanel_id`) VALUES (10, 1, 1);
INSERT INTO `youtube`.`subscriptions` (`subscription_id`, `users_user_id`, `chanels_chanel_id`) VALUES (11, 6, 4);
INSERT INTO `youtube`.`subscriptions` (`subscription_id`, `users_user_id`, `chanels_chanel_id`) VALUES (12, 15, 1);
INSERT INTO `youtube`.`subscriptions` (`subscription_id`, `users_user_id`, `chanels_chanel_id`) VALUES (13, 4, 5);
INSERT INTO `youtube`.`subscriptions` (`subscription_id`, `users_user_id`, `chanels_chanel_id`) VALUES (14, 3, 4);
INSERT INTO `youtube`.`subscriptions` (`subscription_id`, `users_user_id`, `chanels_chanel_id`) VALUES (15, 11, 5);

COMMIT;


-- -----------------------------------------------------
-- Data for table `youtube`.`video_votes`
-- -----------------------------------------------------
START TRANSACTION;
USE `youtube`;
INSERT INTO `youtube`.`video_votes` (`video_vote_id`, `vote_type`, `vote_datetime`, `users_user_id`, `videos_video_id`) VALUES (1, 'like', '2022-01-01', 7, 6);
INSERT INTO `youtube`.`video_votes` (`video_vote_id`, `vote_type`, `vote_datetime`, `users_user_id`, `videos_video_id`) VALUES (2, 'like', '2022-01-23', 3, 5);
INSERT INTO `youtube`.`video_votes` (`video_vote_id`, `vote_type`, `vote_datetime`, `users_user_id`, `videos_video_id`) VALUES (3, 'like', '2022-02-08', 2, 3);
INSERT INTO `youtube`.`video_votes` (`video_vote_id`, `vote_type`, `vote_datetime`, `users_user_id`, `videos_video_id`) VALUES (4, 'dislike', '2022-04-14', 3, 6);
INSERT INTO `youtube`.`video_votes` (`video_vote_id`, `vote_type`, `vote_datetime`, `users_user_id`, `videos_video_id`) VALUES (5, 'dislike', '2022-05-17', 2, 5);
INSERT INTO `youtube`.`video_votes` (`video_vote_id`, `vote_type`, `vote_datetime`, `users_user_id`, `videos_video_id`) VALUES (6, 'like', '2022-05-29', 5, 4);
INSERT INTO `youtube`.`video_votes` (`video_vote_id`, `vote_type`, `vote_datetime`, `users_user_id`, `videos_video_id`) VALUES (7, 'like', '2022-07-30', 8, 2);
INSERT INTO `youtube`.`video_votes` (`video_vote_id`, `vote_type`, `vote_datetime`, `users_user_id`, `videos_video_id`) VALUES (8, 'dislike', '2022-10-02', 2, 15);
INSERT INTO `youtube`.`video_votes` (`video_vote_id`, `vote_type`, `vote_datetime`, `users_user_id`, `videos_video_id`) VALUES (9, 'like', '2022-10-03', 9, 12);
INSERT INTO `youtube`.`video_votes` (`video_vote_id`, `vote_type`, `vote_datetime`, `users_user_id`, `videos_video_id`) VALUES (10, 'dislike', '2022-11-15', 14, 3);
INSERT INTO `youtube`.`video_votes` (`video_vote_id`, `vote_type`, `vote_datetime`, `users_user_id`, `videos_video_id`) VALUES (11, 'dislike', '2022-11-16', 4, 15);
INSERT INTO `youtube`.`video_votes` (`video_vote_id`, `vote_type`, `vote_datetime`, `users_user_id`, `videos_video_id`) VALUES (12, 'dislike', '2022-12-04', 12, 6);
INSERT INTO `youtube`.`video_votes` (`video_vote_id`, `vote_type`, `vote_datetime`, `users_user_id`, `videos_video_id`) VALUES (13, 'like', '2022-12-26', 14, 12);
INSERT INTO `youtube`.`video_votes` (`video_vote_id`, `vote_type`, `vote_datetime`, `users_user_id`, `videos_video_id`) VALUES (14, 'like', '2023-01-04', 14, 9);
INSERT INTO `youtube`.`video_votes` (`video_vote_id`, `vote_type`, `vote_datetime`, `users_user_id`, `videos_video_id`) VALUES (15, 'like', '2023-01-13', 4, 11);

COMMIT;


-- -----------------------------------------------------
-- Data for table `youtube`.`playlists`
-- -----------------------------------------------------
START TRANSACTION;
USE `youtube`;
INSERT INTO `youtube`.`playlists` (`playlist_id`, `playlist_name`, `creation_date`, `playlist_status`, `users_user_id`) VALUES (1, 'feminist humor', '2022-09-25', 'private', 8);
INSERT INTO `youtube`.`playlists` (`playlist_id`, `playlist_name`, `creation_date`, `playlist_status`, `users_user_id`) VALUES (2, 'random humor', '2022-10-03', 'public', 5);
INSERT INTO `youtube`.`playlists` (`playlist_id`, `playlist_name`, `creation_date`, `playlist_status`, `users_user_id`) VALUES (3, 'news', '2022-11-29', 'private', 14);
INSERT INTO `youtube`.`playlists` (`playlist_id`, `playlist_name`, `creation_date`, `playlist_status`, `users_user_id`) VALUES (4, 'gamming and programming', '2022-12-06', 'public', 11);

COMMIT;


-- -----------------------------------------------------
-- Data for table `youtube`.`playlists_has_videos`
-- -----------------------------------------------------
START TRANSACTION;
USE `youtube`;
INSERT INTO `youtube`.`playlists_has_videos` (`playlists_playlist_id`, `videos_video_id`) VALUES (1, 4);
INSERT INTO `youtube`.`playlists_has_videos` (`playlists_playlist_id`, `videos_video_id`) VALUES (1, 10);
INSERT INTO `youtube`.`playlists_has_videos` (`playlists_playlist_id`, `videos_video_id`) VALUES (1, 12);
INSERT INTO `youtube`.`playlists_has_videos` (`playlists_playlist_id`, `videos_video_id`) VALUES (2, 1);
INSERT INTO `youtube`.`playlists_has_videos` (`playlists_playlist_id`, `videos_video_id`) VALUES (2, 8);
INSERT INTO `youtube`.`playlists_has_videos` (`playlists_playlist_id`, `videos_video_id`) VALUES (2, 13);
INSERT INTO `youtube`.`playlists_has_videos` (`playlists_playlist_id`, `videos_video_id`) VALUES (2, 14);
INSERT INTO `youtube`.`playlists_has_videos` (`playlists_playlist_id`, `videos_video_id`) VALUES (3, 7);
INSERT INTO `youtube`.`playlists_has_videos` (`playlists_playlist_id`, `videos_video_id`) VALUES (3, 9);
INSERT INTO `youtube`.`playlists_has_videos` (`playlists_playlist_id`, `videos_video_id`) VALUES (3, 11);
INSERT INTO `youtube`.`playlists_has_videos` (`playlists_playlist_id`, `videos_video_id`) VALUES (4, 2);
INSERT INTO `youtube`.`playlists_has_videos` (`playlists_playlist_id`, `videos_video_id`) VALUES (4, 3);
INSERT INTO `youtube`.`playlists_has_videos` (`playlists_playlist_id`, `videos_video_id`) VALUES (4, 6);
INSERT INTO `youtube`.`playlists_has_videos` (`playlists_playlist_id`, `videos_video_id`) VALUES (4, 15);

COMMIT;


-- -----------------------------------------------------
-- Data for table `youtube`.`comments`
-- -----------------------------------------------------
START TRANSACTION;
USE `youtube`;
INSERT INTO `youtube`.`comments` (`comment_id`, `comment_text`, `comment_datetime`, `users_user_id`, `videos_video_id`) VALUES (1, 'thsi is full of shit', '2021-02-23', 2, 6);
INSERT INTO `youtube`.`comments` (`comment_id`, `comment_text`, `comment_datetime`, `users_user_id`, `videos_video_id`) VALUES (2, 'LMAO', '2022-04-29', 9, 5);
INSERT INTO `youtube`.`comments` (`comment_id`, `comment_text`, `comment_datetime`, `users_user_id`, `videos_video_id`) VALUES (3, 'listen in repeat', '2022-05-03', 7, 3);
INSERT INTO `youtube`.`comments` (`comment_id`, `comment_text`, `comment_datetime`, `users_user_id`, `videos_video_id`) VALUES (4, 'LOOOOOOL', '2022-05-14', 1, 9);
INSERT INTO `youtube`.`comments` (`comment_id`, `comment_text`, `comment_datetime`, `users_user_id`, `videos_video_id`) VALUES (5, 'super interesting', '2022-06-10', 3, 2);
INSERT INTO `youtube`.`comments` (`comment_id`, `comment_text`, `comment_datetime`, `users_user_id`, `videos_video_id`) VALUES (6, 'thanks for the info', '2022-08-06', 13, 2);
INSERT INTO `youtube`.`comments` (`comment_id`, `comment_text`, `comment_datetime`, `users_user_id`, `videos_video_id`) VALUES (7, 'fucking USA dude', '2022-10-28', 5, 11);
INSERT INTO `youtube`.`comments` (`comment_id`, `comment_text`, `comment_datetime`, `users_user_id`, `videos_video_id`) VALUES (8, 'hahaha', '2022-10-30', 2, 6);
INSERT INTO `youtube`.`comments` (`comment_id`, `comment_text`, `comment_datetime`, `users_user_id`, `videos_video_id`) VALUES (9, 'really? wtf', '2022-11-15', 3, 4);
INSERT INTO `youtube`.`comments` (`comment_id`, `comment_text`, `comment_datetime`, `users_user_id`, `videos_video_id`) VALUES (10, 'wow', '2022-12-01', 14, 13);

COMMIT;


-- -----------------------------------------------------
-- Data for table `youtube`.`comment_votes`
-- -----------------------------------------------------
START TRANSACTION;
USE `youtube`;
INSERT INTO `youtube`.`comment_votes` (`comment_vote_id`, `vote_type`, `vote_datetime`, `users_user_id`, `comments_comment_id`) VALUES (1, 'like', '2022-01-02', 12, 4);
INSERT INTO `youtube`.`comment_votes` (`comment_vote_id`, `vote_type`, `vote_datetime`, `users_user_id`, `comments_comment_id`) VALUES (2, 'like', '2022-04-13', 1, 2);
INSERT INTO `youtube`.`comment_votes` (`comment_vote_id`, `vote_type`, `vote_datetime`, `users_user_id`, `comments_comment_id`) VALUES (3, 'dislike', '2022-05-22', 6, 8);
INSERT INTO `youtube`.`comment_votes` (`comment_vote_id`, `vote_type`, `vote_datetime`, `users_user_id`, `comments_comment_id`) VALUES (4, 'like', '2022-09-29', 3, 4);
INSERT INTO `youtube`.`comment_votes` (`comment_vote_id`, `vote_type`, `vote_datetime`, `users_user_id`, `comments_comment_id`) VALUES (5, 'dislike', '2022-10-08', 8, 5);
INSERT INTO `youtube`.`comment_votes` (`comment_vote_id`, `vote_type`, `vote_datetime`, `users_user_id`, `comments_comment_id`) VALUES (6, 'dislike', '2022-10-12', 8, 2);
INSERT INTO `youtube`.`comment_votes` (`comment_vote_id`, `vote_type`, `vote_datetime`, `users_user_id`, `comments_comment_id`) VALUES (7, 'like', '2022-10-17', 9, 1);
INSERT INTO `youtube`.`comment_votes` (`comment_vote_id`, `vote_type`, `vote_datetime`, `users_user_id`, `comments_comment_id`) VALUES (8, 'dislike', '2022-11-06', 2, 2);
INSERT INTO `youtube`.`comment_votes` (`comment_vote_id`, `vote_type`, `vote_datetime`, `users_user_id`, `comments_comment_id`) VALUES (9, 'dislike', '2022-11-14', 14, 4);
INSERT INTO `youtube`.`comment_votes` (`comment_vote_id`, `vote_type`, `vote_datetime`, `users_user_id`, `comments_comment_id`) VALUES (10, 'like', '2022-11-15', 15, 6);
INSERT INTO `youtube`.`comment_votes` (`comment_vote_id`, `vote_type`, `vote_datetime`, `users_user_id`, `comments_comment_id`) VALUES (11, 'like', '2022-12-03', 3, 8);
INSERT INTO `youtube`.`comment_votes` (`comment_vote_id`, `vote_type`, `vote_datetime`, `users_user_id`, `comments_comment_id`) VALUES (12, 'like', '2022-12-28', 6, 9);
INSERT INTO `youtube`.`comment_votes` (`comment_vote_id`, `vote_type`, `vote_datetime`, `users_user_id`, `comments_comment_id`) VALUES (13, 'like', '2022-12-28', 10, 1);
INSERT INTO `youtube`.`comment_votes` (`comment_vote_id`, `vote_type`, `vote_datetime`, `users_user_id`, `comments_comment_id`) VALUES (14, 'dislike', '2022-12-29', 12, 10);
INSERT INTO `youtube`.`comment_votes` (`comment_vote_id`, `vote_type`, `vote_datetime`, `users_user_id`, `comments_comment_id`) VALUES (15, 'like', '2022-12-31', 12, 5);

COMMIT;


-- -----------------------------------------------------
-- Data for table `youtube`.`videos_has_video_tags`
-- -----------------------------------------------------
START TRANSACTION;
USE `youtube`;
INSERT INTO `youtube`.`videos_has_video_tags` (`videos_video_id`, `video_tags_video_tag_id`) VALUES (1, 5);
INSERT INTO `youtube`.`videos_has_video_tags` (`videos_video_id`, `video_tags_video_tag_id`) VALUES (1, 9);
INSERT INTO `youtube`.`videos_has_video_tags` (`videos_video_id`, `video_tags_video_tag_id`) VALUES (2, 1);
INSERT INTO `youtube`.`videos_has_video_tags` (`videos_video_id`, `video_tags_video_tag_id`) VALUES (3, 1);
INSERT INTO `youtube`.`videos_has_video_tags` (`videos_video_id`, `video_tags_video_tag_id`) VALUES (4, 2);
INSERT INTO `youtube`.`videos_has_video_tags` (`videos_video_id`, `video_tags_video_tag_id`) VALUES (4, 5);
INSERT INTO `youtube`.`videos_has_video_tags` (`videos_video_id`, `video_tags_video_tag_id`) VALUES (5, 10);
INSERT INTO `youtube`.`videos_has_video_tags` (`videos_video_id`, `video_tags_video_tag_id`) VALUES (6, 6);
INSERT INTO `youtube`.`videos_has_video_tags` (`videos_video_id`, `video_tags_video_tag_id`) VALUES (7, 2);
INSERT INTO `youtube`.`videos_has_video_tags` (`videos_video_id`, `video_tags_video_tag_id`) VALUES (7, 3);
INSERT INTO `youtube`.`videos_has_video_tags` (`videos_video_id`, `video_tags_video_tag_id`) VALUES (8, 5);
INSERT INTO `youtube`.`videos_has_video_tags` (`videos_video_id`, `video_tags_video_tag_id`) VALUES (8, 8);
INSERT INTO `youtube`.`videos_has_video_tags` (`videos_video_id`, `video_tags_video_tag_id`) VALUES (9, 2);
INSERT INTO `youtube`.`videos_has_video_tags` (`videos_video_id`, `video_tags_video_tag_id`) VALUES (10, 5);
INSERT INTO `youtube`.`videos_has_video_tags` (`videos_video_id`, `video_tags_video_tag_id`) VALUES (10, 7);
INSERT INTO `youtube`.`videos_has_video_tags` (`videos_video_id`, `video_tags_video_tag_id`) VALUES (11, 2);
INSERT INTO `youtube`.`videos_has_video_tags` (`videos_video_id`, `video_tags_video_tag_id`) VALUES (11, 3);
INSERT INTO `youtube`.`videos_has_video_tags` (`videos_video_id`, `video_tags_video_tag_id`) VALUES (12, 4);
INSERT INTO `youtube`.`videos_has_video_tags` (`videos_video_id`, `video_tags_video_tag_id`) VALUES (12, 5);
INSERT INTO `youtube`.`videos_has_video_tags` (`videos_video_id`, `video_tags_video_tag_id`) VALUES (13, 4);
INSERT INTO `youtube`.`videos_has_video_tags` (`videos_video_id`, `video_tags_video_tag_id`) VALUES (13, 5);
INSERT INTO `youtube`.`videos_has_video_tags` (`videos_video_id`, `video_tags_video_tag_id`) VALUES (14, 9);
INSERT INTO `youtube`.`videos_has_video_tags` (`videos_video_id`, `video_tags_video_tag_id`) VALUES (15, 1);

COMMIT;

