-- MySQL Script generated by MySQL Workbench
-- Thu Jan 12 10:56:07 2023
-- Model: New Model    Version: 1.0
-- MySQL Workbench Forward Engineering

SET @OLD_UNIQUE_CHECKS=@@UNIQUE_CHECKS, UNIQUE_CHECKS=0;
SET @OLD_FOREIGN_KEY_CHECKS=@@FOREIGN_KEY_CHECKS, FOREIGN_KEY_CHECKS=0;
SET @OLD_SQL_MODE=@@SQL_MODE, SQL_MODE='ONLY_FULL_GROUP_BY,STRICT_TRANS_TABLES,NO_ZERO_IN_DATE,NO_ZERO_DATE,ERROR_FOR_DIVISION_BY_ZERO,NO_ENGINE_SUBSTITUTION';

-- -----------------------------------------------------
-- Schema cul_dAmpolla
-- -----------------------------------------------------
-- Optica

-- -----------------------------------------------------
-- Schema cul_dAmpolla
--
-- Optica
-- -----------------------------------------------------
CREATE SCHEMA IF NOT EXISTS `cul_dAmpolla` DEFAULT CHARACTER SET utf8 COLLATE utf8_bin ;
-- -----------------------------------------------------
-- Schema cul_dampolla
-- -----------------------------------------------------

-- -----------------------------------------------------
-- Schema cul_dampolla
-- -----------------------------------------------------
CREATE SCHEMA IF NOT EXISTS `cul_dampolla` ;
USE `cul_dAmpolla` ;

-- -----------------------------------------------------
-- Table `cul_dAmpolla`.`suppliers_addresses`
-- -----------------------------------------------------
CREATE TABLE IF NOT EXISTS `cul_dAmpolla`.`suppliers_addresses` (
  `address_id` INT NOT NULL AUTO_INCREMENT,
  `street_name` VARCHAR(45) NOT NULL,
  `street_number` VARCHAR(45) NOT NULL,
  `floor_number` VARCHAR(45) NULL DEFAULT NULL,
  `door_number` VARCHAR(45) NULL DEFAULT NULL,
  `postalcode` VARCHAR(45) NOT NULL,
  `country` VARCHAR(45) NOT NULL,
  PRIMARY KEY (`address_id`))
ENGINE = InnoDB;


-- -----------------------------------------------------
-- Table `cul_dAmpolla`.`suppliers`
-- -----------------------------------------------------
CREATE TABLE IF NOT EXISTS `cul_dAmpolla`.`suppliers` (
  `supplier_id` INT NOT NULL AUTO_INCREMENT,
  `first_name` VARCHAR(45) NOT NULL,
  `phone` VARCHAR(45) NULL DEFAULT NULL,
  `fax` VARCHAR(45) NULL DEFAULT NULL,
  `NIF` VARCHAR(45) NOT NULL,
  `suppliers_addresses_address_id` INT NOT NULL,
  PRIMARY KEY (`supplier_id`),
  INDEX `first_name` (`first_name` ASC) INVISIBLE,
  INDEX `fk_suppliers_suppliers_addresses1_idx` (`suppliers_addresses_address_id` ASC) VISIBLE,
  CONSTRAINT `fk_suppliers_suppliers_addresses1`
    FOREIGN KEY (`suppliers_addresses_address_id`)
    REFERENCES `cul_dAmpolla`.`suppliers_addresses` (`address_id`)
    ON DELETE CASCADE
    ON UPDATE CASCADE)
ENGINE = InnoDB;


-- -----------------------------------------------------
-- Table `cul_dAmpolla`.`glasses`
-- -----------------------------------------------------
CREATE TABLE IF NOT EXISTS `cul_dAmpolla`.`glasses` (
  `model_id` INT NOT NULL AUTO_INCREMENT,
  `lens_graduation` FLOAT(2) NOT NULL,
  `frame_type` VARCHAR(45) NOT NULL,
  `frame_color` VARCHAR(45) NOT NULL,
  `lens_color` VARCHAR(45) NOT NULL,
  `unit_price` DECIMAL(4,2) NOT NULL,
  `suppliers_supplier_id` INT NOT NULL,
  PRIMARY KEY (`model_id`),
  INDEX `fk_glasses_suppliers_idx` (`suppliers_supplier_id` ASC) INVISIBLE,
  CONSTRAINT `fk_glasses_suppliers`
    FOREIGN KEY (`suppliers_supplier_id`)
    REFERENCES `cul_dAmpolla`.`suppliers` (`supplier_id`)
    ON DELETE CASCADE
    ON UPDATE CASCADE)
ENGINE = InnoDB;


-- -----------------------------------------------------
-- Table `cul_dAmpolla`.`clients`
-- -----------------------------------------------------
CREATE TABLE IF NOT EXISTS `cul_dAmpolla`.`clients` (
  `client_id` INT NOT NULL AUTO_INCREMENT,
  `first_name` VARCHAR(45) NOT NULL,
  `lasts_name` VARCHAR(45) NOT NULL,
  `postcode` INT NOT NULL,
  `phone` VARCHAR(45) NOT NULL,
  `register_date` DATETIME NULL DEFAULT CURRENT_TIMESTAMP,
  `referral_client_id` INT NULL DEFAULT NULL,
  PRIMARY KEY (`client_id`),
  INDEX `idx_name` (`first_name` ASC) VISIBLE,
  INDEX `idx_last_name` (`lasts_name` ASC) VISIBLE)
ENGINE = InnoDB;


-- -----------------------------------------------------
-- Table `cul_dAmpolla`.`employees`
-- -----------------------------------------------------
CREATE TABLE IF NOT EXISTS `cul_dAmpolla`.`employees` (
  `employee_id` INT NOT NULL AUTO_INCREMENT,
  `employee_first_name` VARCHAR(45) NOT NULL,
  `employees_last_name` VARCHAR(45) NOT NULL,
  PRIMARY KEY (`employee_id`),
  INDEX `employee_name` (`employee_first_name` ASC) INVISIBLE)
ENGINE = InnoDB;


-- -----------------------------------------------------
-- Table `cul_dAmpolla`.`sales`
-- -----------------------------------------------------
CREATE TABLE IF NOT EXISTS `cul_dAmpolla`.`sales` (
  `sale_id` INT NOT NULL AUTO_INCREMENT,
  `sale_date` DATETIME NOT NULL DEFAULT CURRENT_TIMESTAMP,
  `clients_client_id` INT NOT NULL,
  `glasses_model_id` INT NOT NULL,
  `employees_employee_id` INT NOT NULL,
  `payment_method` VARCHAR(45) NOT NULL,
  PRIMARY KEY (`sale_id`, `glasses_model_id`),
  INDEX `fk_sales_clients1_idx` (`clients_client_id` ASC) VISIBLE,
  INDEX `fk_sales_glasses1_idx` (`glasses_model_id` ASC) VISIBLE,
  INDEX `fk_sales_employees1_idx` (`employees_employee_id` ASC) VISIBLE,
  CONSTRAINT `fk_sales_clients1`
    FOREIGN KEY (`clients_client_id`)
    REFERENCES `cul_dAmpolla`.`clients` (`client_id`)
    ON DELETE CASCADE
    ON UPDATE CASCADE,
  CONSTRAINT `fk_sales_glasses1`
    FOREIGN KEY (`glasses_model_id`)
    REFERENCES `cul_dAmpolla`.`glasses` (`model_id`)
    ON DELETE CASCADE
    ON UPDATE CASCADE,
  CONSTRAINT `fk_sales_employees1`
    FOREIGN KEY (`employees_employee_id`)
    REFERENCES `cul_dAmpolla`.`employees` (`employee_id`)
    ON DELETE CASCADE
    ON UPDATE CASCADE)
ENGINE = InnoDB;


-- -----------------------------------------------------
-- Table `cul_dAmpolla`.`glasses_has_sales`
-- -----------------------------------------------------
CREATE TABLE IF NOT EXISTS `cul_dAmpolla`.`glasses_has_sales` (
  `glasses_model_id` INT NOT NULL,
  `sales_sale_id` INT NOT NULL,
  PRIMARY KEY (`glasses_model_id`, `sales_sale_id`),
  INDEX `fk_glasses_has_sales_sales1_idx` (`sales_sale_id` ASC) VISIBLE,
  INDEX `fk_glasses_has_sales_glasses1_idx` (`glasses_model_id` ASC) VISIBLE,
  CONSTRAINT `fk_glasses_has_sales_glasses1`
    FOREIGN KEY (`glasses_model_id`)
    REFERENCES `cul_dAmpolla`.`glasses` (`model_id`)
    ON DELETE CASCADE
    ON UPDATE CASCADE,
  CONSTRAINT `fk_glasses_has_sales_sales1`
    FOREIGN KEY (`sales_sale_id`)
    REFERENCES `cul_dAmpolla`.`sales` (`sale_id`)
    ON DELETE CASCADE
    ON UPDATE CASCADE)
ENGINE = InnoDB;

USE `cul_dampolla` ;

-- -----------------------------------------------------
-- Table `cul_dampolla`.`clients`
-- -----------------------------------------------------
CREATE TABLE IF NOT EXISTS `cul_dampolla`.`clients` (
  `client_id` INT NOT NULL AUTO_INCREMENT,
  `first_name` VARCHAR(45) COLLATE 'utf8mb3_bin' NOT NULL,
  `lasts_name` VARCHAR(45) COLLATE 'utf8mb3_bin' NOT NULL,
  `postcode` INT NOT NULL,
  `phone` VARCHAR(45) COLLATE 'utf8mb3_bin' NOT NULL,
  `register_date` DATETIME NULL DEFAULT CURRENT_TIMESTAMP,
  `referral_clients_id` VARCHAR(45) COLLATE 'utf8mb3_bin' NULL DEFAULT NULL,
  PRIMARY KEY (`client_id`),
  INDEX `idx_name` (`first_name` ASC) VISIBLE,
  INDEX `idx_last_name` (`lasts_name` ASC) VISIBLE)
ENGINE = InnoDB
AUTO_INCREMENT = 11;


-- -----------------------------------------------------
-- Table `cul_dampolla`.`employees`
-- -----------------------------------------------------
CREATE TABLE IF NOT EXISTS `cul_dampolla`.`employees` (
  `employee_id` INT NOT NULL AUTO_INCREMENT,
  `employee_first_name` VARCHAR(45) COLLATE 'utf8mb3_bin' NOT NULL,
  `employees_last_name` VARCHAR(45) COLLATE 'utf8mb3_bin' NOT NULL,
  PRIMARY KEY (`employee_id`),
  INDEX `employee_name` (`employee_first_name` ASC) INVISIBLE)
ENGINE = InnoDB;


-- -----------------------------------------------------
-- Table `cul_dampolla`.`suppliers_addresses`
-- -----------------------------------------------------
CREATE TABLE IF NOT EXISTS `cul_dampolla`.`suppliers_addresses` (
  `address_id` INT NOT NULL AUTO_INCREMENT,
  `street_name` VARCHAR(45) COLLATE 'utf8mb3_bin' NOT NULL,
  `street_number` VARCHAR(45) COLLATE 'utf8mb3_bin' NOT NULL,
  `floor_number` VARCHAR(45) COLLATE 'utf8mb3_bin' NULL DEFAULT NULL,
  `door_number` VARCHAR(45) COLLATE 'utf8mb3_bin' NULL DEFAULT NULL,
  `postalcode` VARCHAR(45) COLLATE 'utf8mb3_bin' NOT NULL,
  `country` VARCHAR(45) COLLATE 'utf8mb3_bin' NOT NULL,
  PRIMARY KEY (`address_id`))
ENGINE = InnoDB;


-- -----------------------------------------------------
-- Table `cul_dampolla`.`suppliers`
-- -----------------------------------------------------
CREATE TABLE IF NOT EXISTS `cul_dampolla`.`suppliers` (
  `supplier_id` INT NOT NULL AUTO_INCREMENT,
  `first_name` VARCHAR(45) COLLATE 'utf8mb3_bin' NOT NULL,
  `last_names` VARCHAR(45) COLLATE 'utf8mb3_bin' NOT NULL,
  `address` VARCHAR(100) COLLATE 'utf8mb3_bin' NULL DEFAULT NULL,
  `phone` VARCHAR(45) COLLATE 'utf8mb3_bin' NULL DEFAULT NULL,
  `fax` VARCHAR(45) COLLATE 'utf8mb3_bin' NULL DEFAULT NULL,
  `NIF` VARCHAR(45) COLLATE 'utf8mb3_bin' NOT NULL,
  `suppliers_addresses_address_id` INT NOT NULL,
  PRIMARY KEY (`supplier_id`),
  INDEX `fk_suppliers_suppliers_addresses_idx` (`suppliers_addresses_address_id` ASC) VISIBLE,
  CONSTRAINT `fk_suppliers_suppliers_addresses`
    FOREIGN KEY (`suppliers_addresses_address_id`)
    REFERENCES `cul_dampolla`.`suppliers_addresses` (`address_id`)
    ON DELETE CASCADE
    ON UPDATE CASCADE)
ENGINE = InnoDB;


-- -----------------------------------------------------
-- Table `cul_dampolla`.`glasses`
-- -----------------------------------------------------
CREATE TABLE IF NOT EXISTS `cul_dampolla`.`glasses` (
  `model_id` INT NOT NULL AUTO_INCREMENT,
  `lens_graduation` FLOAT NOT NULL,
  `frame_type` VARCHAR(45) COLLATE 'utf8mb3_bin' NOT NULL,
  `frame_color` VARCHAR(45) COLLATE 'utf8mb3_bin' NOT NULL,
  `lens_color` VARCHAR(45) COLLATE 'utf8mb3_bin' NOT NULL,
  `unit_price` DECIMAL(4,2) NOT NULL,
  `suppliers_supplier_id1` INT NOT NULL,
  PRIMARY KEY (`model_id`, `suppliers_supplier_id1`),
  INDEX `fk_glasses_suppliers2_idx` (`suppliers_supplier_id1` ASC) VISIBLE,
  CONSTRAINT `fk_glasses_suppliers2`
    FOREIGN KEY (`suppliers_supplier_id1`)
    REFERENCES `cul_dampolla`.`suppliers` (`supplier_id`)
    ON DELETE CASCADE
    ON UPDATE CASCADE)
ENGINE = InnoDB;


-- -----------------------------------------------------
-- Table `cul_dampolla`.`sales`
-- -----------------------------------------------------
CREATE TABLE IF NOT EXISTS `cul_dampolla`.`sales` (
  `sale_id` INT NOT NULL AUTO_INCREMENT,
  `sale_date` DATETIME NOT NULL DEFAULT CURRENT_TIMESTAMP,
  `clients_client_id` INT NOT NULL,
  `glasses_model_id` INT NOT NULL,
  `employees_employee_id` INT NOT NULL,
  `payment_method` VARCHAR(45) COLLATE 'utf8mb3_bin' NOT NULL,
  PRIMARY KEY (`sale_id`, `clients_client_id`, `glasses_model_id`, `employees_employee_id`),
  INDEX `fk_sales_clients1_idx` (`clients_client_id` ASC) VISIBLE,
  INDEX `fk_sales_glasses1_idx` (`glasses_model_id` ASC) VISIBLE,
  INDEX `fk_sales_employees1_idx` (`employees_employee_id` ASC) VISIBLE,
  CONSTRAINT `fk_sales_clients1`
    FOREIGN KEY (`clients_client_id`)
    REFERENCES `cul_dampolla`.`clients` (`client_id`)
    ON DELETE CASCADE
    ON UPDATE CASCADE,
  CONSTRAINT `fk_sales_employees1`
    FOREIGN KEY (`employees_employee_id`)
    REFERENCES `cul_dampolla`.`employees` (`employee_id`)
    ON DELETE CASCADE
    ON UPDATE CASCADE,
  CONSTRAINT `fk_sales_glasses1`
    FOREIGN KEY (`glasses_model_id`)
    REFERENCES `cul_dampolla`.`glasses` (`model_id`)
    ON DELETE CASCADE
    ON UPDATE CASCADE)
ENGINE = InnoDB;


-- -----------------------------------------------------
-- Table `cul_dampolla`.`glasses_has_sales`
-- -----------------------------------------------------
CREATE TABLE IF NOT EXISTS `cul_dampolla`.`glasses_has_sales` (
  `glasses_model_id` INT NOT NULL,
  `sales_sale_id` INT NOT NULL,
  PRIMARY KEY (`glasses_model_id`, `sales_sale_id`),
  INDEX `fk_glasses_has_sales_sales1_idx` (`sales_sale_id` ASC) VISIBLE,
  INDEX `fk_glasses_has_sales_glasses1_idx` (`glasses_model_id` ASC) VISIBLE,
  CONSTRAINT `fk_glasses_has_sales_glasses1`
    FOREIGN KEY (`glasses_model_id`)
    REFERENCES `cul_dampolla`.`glasses` (`model_id`)
    ON DELETE CASCADE
    ON UPDATE CASCADE,
  CONSTRAINT `fk_glasses_has_sales_sales1`
    FOREIGN KEY (`sales_sale_id`)
    REFERENCES `cul_dampolla`.`sales` (`sale_id`)
    ON DELETE CASCADE
    ON UPDATE CASCADE)
ENGINE = InnoDB;


SET SQL_MODE=@OLD_SQL_MODE;
SET FOREIGN_KEY_CHECKS=@OLD_FOREIGN_KEY_CHECKS;
SET UNIQUE_CHECKS=@OLD_UNIQUE_CHECKS;

-- -----------------------------------------------------
-- Data for table `cul_dAmpolla`.`suppliers_addresses`
-- -----------------------------------------------------
START TRANSACTION;
USE `cul_dAmpolla`;
INSERT INTO `cul_dAmpolla`.`suppliers_addresses` (`address_id`, `street_name`, `street_number`, `floor_number`, `door_number`, `postalcode`, `country`) VALUES (1, 'Carrer Casanova', '456', '4', '1', '08023', 'SPAIN');
INSERT INTO `cul_dAmpolla`.`suppliers_addresses` (`address_id`, `street_name`, `street_number`, `floor_number`, `door_number`, `postalcode`, `country`) VALUES (2, 'Rambla Raval', '23', '5', '2', '08044', 'SPAIN');
INSERT INTO `cul_dAmpolla`.`suppliers_addresses` (`address_id`, `street_name`, `street_number`, `floor_number`, `door_number`, `postalcode`, `country`) VALUES (3, 'Avinguda Tibidabo', '54', NULL, NULL, '08082', 'SPAIN');
INSERT INTO `cul_dAmpolla`.`suppliers_addresses` (`address_id`, `street_name`, `street_number`, `floor_number`, `door_number`, `postalcode`, `country`) VALUES (4, 'Passeig de Gracia', '35', '2', NULL, '08807', 'SPAIN');
INSERT INTO `cul_dAmpolla`.`suppliers_addresses` (`address_id`, `street_name`, `street_number`, `floor_number`, `door_number`, `postalcode`, `country`) VALUES (5, 'Carrer Tapies', '10', '2', '2', '08352', 'SPAIN');

COMMIT;


-- -----------------------------------------------------
-- Data for table `cul_dAmpolla`.`suppliers`
-- -----------------------------------------------------
START TRANSACTION;
USE `cul_dAmpolla`;
INSERT INTO `cul_dAmpolla`.`suppliers` (`supplier_id`, `first_name`, `phone`, `fax`, `NIF`, `suppliers_addresses_address_id`) VALUES (1, 'Manolo Manolito SL', '346826341', NULL, 'G467245371', 1);
INSERT INTO `cul_dAmpolla`.`suppliers` (`supplier_id`, `first_name`, `phone`, `fax`, `NIF`, `suppliers_addresses_address_id`) VALUES (2, 'MariaLluisa G.G.', '438355568', NULL, 'W583279473', 2);
INSERT INTO `cul_dAmpolla`.`suppliers` (`supplier_id`, `first_name`, `phone`, `fax`, `NIF`, `suppliers_addresses_address_id`) VALUES (3, 'Mirades SCP', '245814144', NULL, 'U738929910', 3);
INSERT INTO `cul_dAmpolla`.`suppliers` (`supplier_id`, `first_name`, `phone`, `fax`, `NIF`, `suppliers_addresses_address_id`) VALUES (4, 'PastasParaGafas SL', '837474718', NULL, 'U869483939', 4);
INSERT INTO `cul_dAmpolla`.`suppliers` (`supplier_id`, `first_name`, `phone`, `fax`, `NIF`, `suppliers_addresses_address_id`) VALUES (5, 'HolaEmVeus SL', '856283827', NULL, 'J294839483', 5);

COMMIT;


-- -----------------------------------------------------
-- Data for table `cul_dAmpolla`.`glasses`
-- -----------------------------------------------------
START TRANSACTION;
USE `cul_dAmpolla`;
INSERT INTO `cul_dAmpolla`.`glasses` (`model_id`, `lens_graduation`, `frame_type`, `frame_color`, `lens_color`, `unit_price`, `suppliers_supplier_id`) VALUES (1, 2.50, 'paste', 'red', 'light', 36.55, 1);
INSERT INTO `cul_dAmpolla`.`glasses` (`model_id`, `lens_graduation`, `frame_type`, `frame_color`, `lens_color`, `unit_price`, `suppliers_supplier_id`) VALUES (2, 2.00, 'floating', 'green', 'dark', 47.70, 3);
INSERT INTO `cul_dAmpolla`.`glasses` (`model_id`, `lens_graduation`, `frame_type`, `frame_color`, `lens_color`, `unit_price`, `suppliers_supplier_id`) VALUES (3, 2.00, 'paste', 'dark blue', 'light', 61.40, 5);
INSERT INTO `cul_dAmpolla`.`glasses` (`model_id`, `lens_graduation`, `frame_type`, `frame_color`, `lens_color`, `unit_price`, `suppliers_supplier_id`) VALUES (4, 1.50, 'metalic', 'blue', 'pink light', 59.95, 3);
INSERT INTO `cul_dAmpolla`.`glasses` (`model_id`, `lens_graduation`, `frame_type`, `frame_color`, `lens_color`, `unit_price`, `suppliers_supplier_id`) VALUES (5, 1.50, 'metalic', 'orange', 'dark', 73.00, 4);
INSERT INTO `cul_dAmpolla`.`glasses` (`model_id`, `lens_graduation`, `frame_type`, `frame_color`, `lens_color`, `unit_price`, `suppliers_supplier_id`) VALUES (6, 1.00, 'paste', 'yellow', 'blue light', 45.35, 1);
INSERT INTO `cul_dAmpolla`.`glasses` (`model_id`, `lens_graduation`, `frame_type`, `frame_color`, `lens_color`, `unit_price`, `suppliers_supplier_id`) VALUES (7, 1.00, 'floating', 'pink', 'dark', 94.30, 2);
INSERT INTO `cul_dAmpolla`.`glasses` (`model_id`, `lens_graduation`, `frame_type`, `frame_color`, `lens_color`, `unit_price`, `suppliers_supplier_id`) VALUES (8, -1.00, 'paste', 'dark pink', 'dark', 75.05, 3);
INSERT INTO `cul_dAmpolla`.`glasses` (`model_id`, `lens_graduation`, `frame_type`, `frame_color`, `lens_color`, `unit_price`, `suppliers_supplier_id`) VALUES (9, -1.50, 'floating', 'red', 'light', 60.95, 3);
INSERT INTO `cul_dAmpolla`.`glasses` (`model_id`, `lens_graduation`, `frame_type`, `frame_color`, `lens_color`, `unit_price`, `suppliers_supplier_id`) VALUES (10, -2.00, 'metalic', 'light blue', 'light', 82.20, 5);

COMMIT;


-- -----------------------------------------------------
-- Data for table `cul_dAmpolla`.`clients`
-- -----------------------------------------------------
START TRANSACTION;
USE `cul_dAmpolla`;
INSERT INTO `cul_dAmpolla`.`clients` (`client_id`, `first_name`, `lasts_name`, `postcode`, `phone`, `register_date`, `referral_client_id`) VALUES (1, 'Mariona', 'Cabanes Bosacoma', 08022, '438938272', '2019-01-03', 4);
INSERT INTO `cul_dAmpolla`.`clients` (`client_id`, `first_name`, `lasts_name`, `postcode`, `phone`, `register_date`, `referral_client_id`) VALUES (2, 'Aiora', 'de Vilalta Zamudio', 05943, '645352566', '2019-03-04', 4);
INSERT INTO `cul_dAmpolla`.`clients` (`client_id`, `first_name`, `lasts_name`, `postcode`, `phone`, `register_date`, `referral_client_id`) VALUES (3, 'Berta', 'Valles Pauls', 35253, '678548362', '2020-05-01', 4);
INSERT INTO `cul_dAmpolla`.`clients` (`client_id`, `first_name`, `lasts_name`, `postcode`, `phone`, `register_date`, `referral_client_id`) VALUES (4, 'Carla', 'Blasco Vidal', 62464, '677835329', '2020-07-23', NULL);
INSERT INTO `cul_dAmpolla`.`clients` (`client_id`, `first_name`, `lasts_name`, `postcode`, `phone`, `register_date`, `referral_client_id`) VALUES (5, 'Adria', 'Huguet Ferran', 32642, '722757899', '2021-03-30', NULL);
INSERT INTO `cul_dAmpolla`.`clients` (`client_id`, `first_name`, `lasts_name`, `postcode`, `phone`, `register_date`, `referral_client_id`) VALUES (6, 'Marina', 'Schneider Sanchez', 46784, '379256743', '2021-04-15', 1);
INSERT INTO `cul_dAmpolla`.`clients` (`client_id`, `first_name`, `lasts_name`, `postcode`, `phone`, `register_date`, `referral_client_id`) VALUES (7, 'Mateu', 'Diaz Brana', 24653, '657372910', '2021-12-06', 5);
INSERT INTO `cul_dAmpolla`.`clients` (`client_id`, `first_name`, `lasts_name`, `postcode`, `phone`, `register_date`, `referral_client_id`) VALUES (8, 'Celia', 'Anguera Pujadas', 64227, '601321451', '2022-02-14', 5);
INSERT INTO `cul_dAmpolla`.`clients` (`client_id`, `first_name`, `lasts_name`, `postcode`, `phone`, `register_date`, `referral_client_id`) VALUES (9, 'Fabio', 'Schneider Sanchez', 23675, '662810143', '2022-06-09', 6);
INSERT INTO `cul_dAmpolla`.`clients` (`client_id`, `first_name`, `lasts_name`, `postcode`, `phone`, `register_date`, `referral_client_id`) VALUES (10, 'Aldo', 'Anadon Marse', 23464, '743526625', '2023-01-18', NULL);

COMMIT;


-- -----------------------------------------------------
-- Data for table `cul_dAmpolla`.`employees`
-- -----------------------------------------------------
START TRANSACTION;
USE `cul_dAmpolla`;
INSERT INTO `cul_dAmpolla`.`employees` (`employee_id`, `employee_first_name`, `employees_last_name`) VALUES (1, 'Corina', 'Lopez');
INSERT INTO `cul_dAmpolla`.`employees` (`employee_id`, `employee_first_name`, `employees_last_name`) VALUES (2, 'Juanca', 'Casademunt');
INSERT INTO `cul_dAmpolla`.`employees` (`employee_id`, `employee_first_name`, `employees_last_name`) VALUES (3, 'Anna', 'Riudebitlles');
INSERT INTO `cul_dAmpolla`.`employees` (`employee_id`, `employee_first_name`, `employees_last_name`) VALUES (4, 'Cristina', 'Casals');
INSERT INTO `cul_dAmpolla`.`employees` (`employee_id`, `employee_first_name`, `employees_last_name`) VALUES (5, 'Jesulin', 'Magranes');

COMMIT;


-- -----------------------------------------------------
-- Data for table `cul_dAmpolla`.`sales`
-- -----------------------------------------------------
START TRANSACTION;
USE `cul_dAmpolla`;
INSERT INTO `cul_dAmpolla`.`sales` (`sale_id`, `sale_date`, `clients_client_id`, `glasses_model_id`, `employees_employee_id`, `payment_method`) VALUES (1, '2022-01-22', 1, 5, 4, 'credit card');
INSERT INTO `cul_dAmpolla`.`sales` (`sale_id`, `sale_date`, `clients_client_id`, `glasses_model_id`, `employees_employee_id`, `payment_method`) VALUES (2, '2022-03-10', 2, 2, 4, 'credit card');
INSERT INTO `cul_dAmpolla`.`sales` (`sale_id`, `sale_date`, `clients_client_id`, `glasses_model_id`, `employees_employee_id`, `payment_method`) VALUES (3, '2022-03-25', 3, 5, 2, 'payPal');
INSERT INTO `cul_dAmpolla`.`sales` (`sale_id`, `sale_date`, `clients_client_id`, `glasses_model_id`, `employees_employee_id`, `payment_method`) VALUES (4, '2022-04-07', 4, 6, 1, 'credit card');
INSERT INTO `cul_dAmpolla`.`sales` (`sale_id`, `sale_date`, `clients_client_id`, `glasses_model_id`, `employees_employee_id`, `payment_method`) VALUES (4, '2022-09-06', 4, 4, 2, 'cash');
INSERT INTO `cul_dAmpolla`.`sales` (`sale_id`, `sale_date`, `clients_client_id`, `glasses_model_id`, `employees_employee_id`, `payment_method`) VALUES (5, '2022-09-13', 2, 6, 3, 'credit card');
INSERT INTO `cul_dAmpolla`.`sales` (`sale_id`, `sale_date`, `clients_client_id`, `glasses_model_id`, `employees_employee_id`, `payment_method`) VALUES (6, '2022-09-17', 7, 2, 4, 'cash');
INSERT INTO `cul_dAmpolla`.`sales` (`sale_id`, `sale_date`, `clients_client_id`, `glasses_model_id`, `employees_employee_id`, `payment_method`) VALUES (7, '2022-10-05', 8, 8, 2, 'credit card');
INSERT INTO `cul_dAmpolla`.`sales` (`sale_id`, `sale_date`, `clients_client_id`, `glasses_model_id`, `employees_employee_id`, `payment_method`) VALUES (7, '2022-10-10', 8, 6, 2, 'credit card');
INSERT INTO `cul_dAmpolla`.`sales` (`sale_id`, `sale_date`, `clients_client_id`, `glasses_model_id`, `employees_employee_id`, `payment_method`) VALUES (8, '2022-11-15', 5, 3, 5, 'payPal');

COMMIT;


-- -----------------------------------------------------
-- Data for table `cul_dAmpolla`.`glasses_has_sales`
-- -----------------------------------------------------
START TRANSACTION;
USE `cul_dAmpolla`;
INSERT INTO `cul_dAmpolla`.`glasses_has_sales` (`glasses_model_id`, `sales_sale_id`) VALUES (5, 1);
INSERT INTO `cul_dAmpolla`.`glasses_has_sales` (`glasses_model_id`, `sales_sale_id`) VALUES (2, 2);
INSERT INTO `cul_dAmpolla`.`glasses_has_sales` (`glasses_model_id`, `sales_sale_id`) VALUES (5, 3);
INSERT INTO `cul_dAmpolla`.`glasses_has_sales` (`glasses_model_id`, `sales_sale_id`) VALUES (6, 4);
INSERT INTO `cul_dAmpolla`.`glasses_has_sales` (`glasses_model_id`, `sales_sale_id`) VALUES (4, 4);
INSERT INTO `cul_dAmpolla`.`glasses_has_sales` (`glasses_model_id`, `sales_sale_id`) VALUES (6, 5);
INSERT INTO `cul_dAmpolla`.`glasses_has_sales` (`glasses_model_id`, `sales_sale_id`) VALUES (2, 6);
INSERT INTO `cul_dAmpolla`.`glasses_has_sales` (`glasses_model_id`, `sales_sale_id`) VALUES (8, 7);
INSERT INTO `cul_dAmpolla`.`glasses_has_sales` (`glasses_model_id`, `sales_sale_id`) VALUES (6, 7);
INSERT INTO `cul_dAmpolla`.`glasses_has_sales` (`glasses_model_id`, `sales_sale_id`) VALUES (3, 8);

COMMIT;