-- MySQL Script generated by MySQL Workbench
-- Fri Jan 13 19:53:34 2023
-- Model: New Model    Version: 1.0
-- MySQL Workbench Forward Engineering

SET @OLD_UNIQUE_CHECKS=@@UNIQUE_CHECKS, UNIQUE_CHECKS=0;
SET @OLD_FOREIGN_KEY_CHECKS=@@FOREIGN_KEY_CHECKS, FOREIGN_KEY_CHECKS=0;
SET @OLD_SQL_MODE=@@SQL_MODE, SQL_MODE='ONLY_FULL_GROUP_BY,STRICT_TRANS_TABLES,NO_ZERO_IN_DATE,NO_ZERO_DATE,ERROR_FOR_DIVISION_BY_ZERO,NO_ENGINE_SUBSTITUTION';

-- -----------------------------------------------------
-- Schema pizzeries
-- -----------------------------------------------------

-- -----------------------------------------------------
-- Schema pizzeries
-- -----------------------------------------------------
CREATE SCHEMA IF NOT EXISTS `pizzeries` DEFAULT CHARACTER SET utf8 ;
USE `pizzeries` ;

-- -----------------------------------------------------
-- Table `pizzeries`.`province`
-- -----------------------------------------------------
CREATE TABLE IF NOT EXISTS `pizzeries`.`province` (
  `province_id` INT NOT NULL AUTO_INCREMENT,
  `province_name` VARCHAR(45) NULL,
  PRIMARY KEY (`province_id`))
ENGINE = InnoDB;


-- -----------------------------------------------------
-- Table `pizzeries`.`locality`
-- -----------------------------------------------------
CREATE TABLE IF NOT EXISTS `pizzeries`.`locality` (
  `locality_id` INT NOT NULL AUTO_INCREMENT,
  `locality_name` VARCHAR(45) NOT NULL,
  `province_province_id` INT NOT NULL,
  PRIMARY KEY (`locality_id`),
  INDEX `fk_locality_province1_idx` (`province_province_id` ASC) VISIBLE,
  CONSTRAINT `fk_locality_province1`
    FOREIGN KEY (`province_province_id`)
    REFERENCES `pizzeries`.`province` (`province_id`)
    ON DELETE CASCADE
    ON UPDATE CASCADE)
ENGINE = InnoDB;


-- -----------------------------------------------------
-- Table `pizzeries`.`clients`
-- -----------------------------------------------------
CREATE TABLE IF NOT EXISTS `pizzeries`.`clients` (
  `client_id` INT NOT NULL AUTO_INCREMENT,
  `first_name` VARCHAR(45) NOT NULL,
  `lasts_names` VARCHAR(45) NULL,
  `address` VARCHAR(45) NULL,
  `postal_code` VARCHAR(45) NULL,
  `phone` VARCHAR(45) NULL,
  `province_province_id` INT NOT NULL,
  `locality_locality_id` INT NOT NULL,
  PRIMARY KEY (`client_id`),
  INDEX `fk_clients_province1_idx` (`province_province_id` ASC) VISIBLE,
  INDEX `fk_clients_locality1_idx` (`locality_locality_id` ASC) VISIBLE,
  CONSTRAINT `fk_clients_province1`
    FOREIGN KEY (`province_province_id`)
    REFERENCES `pizzeries`.`province` (`province_id`)
    ON DELETE CASCADE
    ON UPDATE CASCADE,
  CONSTRAINT `fk_clients_locality1`
    FOREIGN KEY (`locality_locality_id`)
    REFERENCES `pizzeries`.`locality` (`locality_id`)
    ON DELETE CASCADE
    ON UPDATE CASCADE)
ENGINE = InnoDB;


-- -----------------------------------------------------
-- Table `pizzeries`.`stores`
-- -----------------------------------------------------
CREATE TABLE IF NOT EXISTS `pizzeries`.`stores` (
  `store_id` INT NOT NULL,
  `address` VARCHAR(45) NULL,
  `postal_code` VARCHAR(45) NULL,
  `locality_locality_id` INT NOT NULL,
  `province_province_id` INT NOT NULL,
  PRIMARY KEY (`store_id`),
  INDEX `fk_stores_locality1_idx` (`locality_locality_id` ASC) VISIBLE,
  INDEX `fk_stores_province1_idx` (`province_province_id` ASC) VISIBLE,
  CONSTRAINT `fk_stores_locality1`
    FOREIGN KEY (`locality_locality_id`)
    REFERENCES `pizzeries`.`locality` (`locality_id`)
    ON DELETE CASCADE
    ON UPDATE CASCADE,
  CONSTRAINT `fk_stores_province1`
    FOREIGN KEY (`province_province_id`)
    REFERENCES `pizzeries`.`province` (`province_id`)
    ON DELETE CASCADE
    ON UPDATE CASCADE)
ENGINE = InnoDB;


-- -----------------------------------------------------
-- Table `pizzeries`.`employees`
-- -----------------------------------------------------
CREATE TABLE IF NOT EXISTS `pizzeries`.`employees` (
  `employee_id` INT NOT NULL AUTO_INCREMENT,
  `first_name` VARCHAR(45) NOT NULL,
  `lasts_names` VARCHAR(45) NOT NULL,
  `NIF` VARCHAR(45) NOT NULL,
  `phone` VARCHAR(45) NOT NULL,
  `work_title` VARCHAR(45) NOT NULL,
  `stores_store_id` INT NOT NULL,
  PRIMARY KEY (`employee_id`),
  INDEX `fk_employees_stores1_idx` (`stores_store_id` ASC) VISIBLE,
  CONSTRAINT `fk_employees_stores1`
    FOREIGN KEY (`stores_store_id`)
    REFERENCES `pizzeries`.`stores` (`store_id`)
    ON DELETE CASCADE
    ON UPDATE CASCADE)
ENGINE = InnoDB;


-- -----------------------------------------------------
-- Table `pizzeries`.`orders`
-- -----------------------------------------------------
CREATE TABLE IF NOT EXISTS `pizzeries`.`orders` (
  `order_id` INT NOT NULL AUTO_INCREMENT,
  `order_datetime` DATETIME NOT NULL DEFAULT CURRENT_TIMESTAMP,
  `order_type` VARCHAR(45) NULL,
  `total_price` DECIMAL(4,2) NULL,
  `clients_client_id` INT NOT NULL,
  `stores_store_id` INT NOT NULL,
  `employees_employee_id` INT NULL,
  `delivery_datetime` DATETIME NULL,
  PRIMARY KEY (`order_id`),
  INDEX `fk_orders_clients1_idx` (`clients_client_id` ASC) VISIBLE,
  INDEX `fk_orders_stores1_idx` (`stores_store_id` ASC) VISIBLE,
  INDEX `fk_orders_employees1_idx` (`employees_employee_id` ASC) VISIBLE,
  CONSTRAINT `fk_orders_clients1`
    FOREIGN KEY (`clients_client_id`)
    REFERENCES `pizzeries`.`clients` (`client_id`)
    ON DELETE CASCADE
    ON UPDATE CASCADE,
  CONSTRAINT `fk_orders_stores1`
    FOREIGN KEY (`stores_store_id`)
    REFERENCES `pizzeries`.`stores` (`store_id`)
    ON DELETE CASCADE
    ON UPDATE CASCADE,
  CONSTRAINT `fk_orders_employees1`
    FOREIGN KEY (`employees_employee_id`)
    REFERENCES `pizzeries`.`employees` (`employee_id`)
    ON DELETE CASCADE
    ON UPDATE CASCADE)
ENGINE = InnoDB;


-- -----------------------------------------------------
-- Table `pizzeries`.`drinks`
-- -----------------------------------------------------
CREATE TABLE IF NOT EXISTS `pizzeries`.`drinks` (
  `drink_id` INT NOT NULL AUTO_INCREMENT,
  `name` VARCHAR(45) NOT NULL,
  `description` MEDIUMTEXT NOT NULL,
  `image` VARCHAR(45) NULL,
  `unit_price` INT NOT NULL,
  PRIMARY KEY (`drink_id`))
ENGINE = InnoDB;


-- -----------------------------------------------------
-- Table `pizzeries`.`burguers`
-- -----------------------------------------------------
CREATE TABLE IF NOT EXISTS `pizzeries`.`burguers` (
  `burguer_id` INT NOT NULL AUTO_INCREMENT,
  `name` VARCHAR(45) NOT NULL,
  `description` MEDIUMTEXT NOT NULL,
  `image` VARCHAR(45) NULL,
  `unit_price` DECIMAL(4,2) NOT NULL,
  PRIMARY KEY (`burguer_id`))
ENGINE = InnoDB;


-- -----------------------------------------------------
-- Table `pizzeries`.`pizza_categories`
-- -----------------------------------------------------
CREATE TABLE IF NOT EXISTS `pizzeries`.`pizza_categories` (
  `pizza_category_id` INT NOT NULL AUTO_INCREMENT,
  `category_name` VARCHAR(45) NOT NULL,
  PRIMARY KEY (`pizza_category_id`))
ENGINE = InnoDB;


-- -----------------------------------------------------
-- Table `pizzeries`.`pizzas`
-- -----------------------------------------------------
CREATE TABLE IF NOT EXISTS `pizzeries`.`pizzas` (
  `pizza_id` INT NOT NULL,
  `name` VARCHAR(45) NOT NULL,
  `description` MEDIUMTEXT NOT NULL,
  `image` VARCHAR(45) NULL,
  `unit_price` DECIMAL(4,2) NOT NULL,
  `pizza_categories_pizza_category_id` INT NOT NULL,
  PRIMARY KEY (`pizza_id`),
  INDEX `fk_pizzas_pizza_categories1_idx` (`pizza_categories_pizza_category_id` ASC) VISIBLE,
  CONSTRAINT `fk_pizzas_pizza_categories1`
    FOREIGN KEY (`pizza_categories_pizza_category_id`)
    REFERENCES `pizzeries`.`pizza_categories` (`pizza_category_id`)
    ON DELETE CASCADE
    ON UPDATE CASCADE)
ENGINE = InnoDB;


-- -----------------------------------------------------
-- Table `pizzeries`.`products`
-- -----------------------------------------------------
CREATE TABLE IF NOT EXISTS `pizzeries`.`products` (
  `product_id` INT NOT NULL AUTO_INCREMENT,
  `drinks_drink_id` INT NULL DEFAULT NULL,
  `burguers_burguer_id` INT NULL DEFAULT NULL,
  `pizzas_pizza_id` INT NULL DEFAULT NULL,
  PRIMARY KEY (`product_id`),
  INDEX `fk_products_drinks1_idx` (`drinks_drink_id` ASC) VISIBLE,
  INDEX `fk_products_burguers1_idx` (`burguers_burguer_id` ASC) VISIBLE,
  INDEX `fk_products_pizzas1_idx` (`pizzas_pizza_id` ASC) VISIBLE,
  CONSTRAINT `fk_products_drinks1`
    FOREIGN KEY (`drinks_drink_id`)
    REFERENCES `pizzeries`.`drinks` (`drink_id`)
    ON DELETE CASCADE
    ON UPDATE CASCADE,
  CONSTRAINT `fk_products_burguers1`
    FOREIGN KEY (`burguers_burguer_id`)
    REFERENCES `pizzeries`.`burguers` (`burguer_id`)
    ON DELETE CASCADE
    ON UPDATE CASCADE,
  CONSTRAINT `fk_products_pizzas1`
    FOREIGN KEY (`pizzas_pizza_id`)
    REFERENCES `pizzeries`.`pizzas` (`pizza_id`)
    ON DELETE CASCADE
    ON UPDATE CASCADE)
ENGINE = InnoDB;


-- -----------------------------------------------------
-- Table `pizzeries`.`orders_has_products`
-- -----------------------------------------------------
CREATE TABLE IF NOT EXISTS `pizzeries`.`orders_has_products` (
  `orders_order_id` INT NOT NULL,
  `products_product_id` INT NOT NULL,
  PRIMARY KEY (`orders_order_id`, `products_product_id`),
  INDEX `fk_orders_has_products_products1_idx` (`products_product_id` ASC) VISIBLE,
  INDEX `fk_orders_has_products_orders1_idx` (`orders_order_id` ASC) VISIBLE,
  CONSTRAINT `fk_orders_has_products_orders1`
    FOREIGN KEY (`orders_order_id`)
    REFERENCES `pizzeries`.`orders` (`order_id`)
    ON DELETE CASCADE
    ON UPDATE CASCADE,
  CONSTRAINT `fk_orders_has_products_products1`
    FOREIGN KEY (`products_product_id`)
    REFERENCES `pizzeries`.`products` (`product_id`)
    ON DELETE CASCADE
    ON UPDATE CASCADE)
ENGINE = InnoDB;


SET SQL_MODE=@OLD_SQL_MODE;
SET FOREIGN_KEY_CHECKS=@OLD_FOREIGN_KEY_CHECKS;
SET UNIQUE_CHECKS=@OLD_UNIQUE_CHECKS;

-- -----------------------------------------------------
-- Data for table `pizzeries`.`province`
-- -----------------------------------------------------
START TRANSACTION;
USE `pizzeries`;
INSERT INTO `pizzeries`.`province` (`province_id`, `province_name`) VALUES (1, 'Barcelona');
INSERT INTO `pizzeries`.`province` (`province_id`, `province_name`) VALUES (2, 'Tarragona');
INSERT INTO `pizzeries`.`province` (`province_id`, `province_name`) VALUES (3, 'Girona');
INSERT INTO `pizzeries`.`province` (`province_id`, `province_name`) VALUES (4, 'Lleida');

COMMIT;


-- -----------------------------------------------------
-- Data for table `pizzeries`.`locality`
-- -----------------------------------------------------
START TRANSACTION;
USE `pizzeries`;
INSERT INTO `pizzeries`.`locality` (`locality_id`, `locality_name`, `province_province_id`) VALUES (1, 'Barcelona', 1);
INSERT INTO `pizzeries`.`locality` (`locality_id`, `locality_name`, `province_province_id`) VALUES (2, 'Badalona', 1);
INSERT INTO `pizzeries`.`locality` (`locality_id`, `locality_name`, `province_province_id`) VALUES (3, 'Hospitalet de Llobregat', 1);
INSERT INTO `pizzeries`.`locality` (`locality_id`, `locality_name`, `province_province_id`) VALUES (4, 'Esplugues', 1);
INSERT INTO `pizzeries`.`locality` (`locality_id`, `locality_name`, `province_province_id`) VALUES (5, 'Reus', 2);
INSERT INTO `pizzeries`.`locality` (`locality_id`, `locality_name`, `province_province_id`) VALUES (6, 'Tarragona', 2);

COMMIT;


-- -----------------------------------------------------
-- Data for table `pizzeries`.`clients`
-- -----------------------------------------------------
START TRANSACTION;
USE `pizzeries`;
INSERT INTO `pizzeries`.`clients` (`client_id`, `first_name`, `lasts_names`, `address`, `postal_code`, `phone`, `province_province_id`, `locality_locality_id`) VALUES (1, 'Manolito', 'Gafotas Casadevall', 'avinguda roma 24 3r3a', '08293', '683478232', 1, 2);
INSERT INTO `pizzeries`.`clients` (`client_id`, `first_name`, `lasts_names`, `address`, `postal_code`, `phone`, `province_province_id`, `locality_locality_id`) VALUES (2, 'Laura', 'Perez Jimenez', 'rambla badal 12 1r2a', '08392', '685393023', 1, 1);
INSERT INTO `pizzeries`.`clients` (`client_id`, `first_name`, `lasts_names`, `address`, `postal_code`, `phone`, `province_province_id`, `locality_locality_id`) VALUES (3, 'Marina', 'Gomez Maduro', 'gran via 334 6e1a', '08294', '685393829', 1, 1);
INSERT INTO `pizzeries`.`clients` (`client_id`, `first_name`, `lasts_names`, `address`, `postal_code`, `phone`, `province_province_id`, `locality_locality_id`) VALUES (4, 'Bernat', 'Vidal Becerra', 'pastor 35 2n2a', '09234', '694030395', 1, 2);
INSERT INTO `pizzeries`.`clients` (`client_id`, `first_name`, `lasts_names`, `address`, `postal_code`, `phone`, `province_province_id`, `locality_locality_id`) VALUES (5, 'Jose', 'Bes Grandio', 'pge batllo 4 baixos1a', '92843', '792394924', 1, 3);
INSERT INTO `pizzeries`.`clients` (`client_id`, `first_name`, `lasts_names`, `address`, `postal_code`, `phone`, `province_province_id`, `locality_locality_id`) VALUES (6, 'Liam', 'Zamudio Jimenez', 'av diagonal 167 8e4a', '02384', '792398593', 1, 4);
INSERT INTO `pizzeries`.`clients` (`client_id`, `first_name`, `lasts_names`, `address`, `postal_code`, `phone`, `province_province_id`, `locality_locality_id`) VALUES (7, 'Eva', 'Rodriguez Rodriguez', 'av sarria 139 4t3a', '89420', '692938592', 1, 4);
INSERT INTO `pizzeries`.`clients` (`client_id`, `first_name`, `lasts_names`, `address`, `postal_code`, `phone`, `province_province_id`, `locality_locality_id`) VALUES (8, 'Marina', 'Ferran Longoria', 'enric granados 51 pral1a', '08232', '782390534', 2, 5);
INSERT INTO `pizzeries`.`clients` (`client_id`, `first_name`, `lasts_names`, `address`, `postal_code`, `phone`, `province_province_id`, `locality_locality_id`) VALUES (9, 'Esther', 'Blanchett Mejide', 'carrer de sants 48 1r1a', '08234', '662388539', 2, 5);
INSERT INTO `pizzeries`.`clients` (`client_id`, `first_name`, `lasts_names`, `address`, `postal_code`, `phone`, `province_province_id`, `locality_locality_id`) VALUES (10, 'Pablo', 'Torres Parra', 'av carrilet 93 3r2a', '09382', '602949866', 2, 6);

COMMIT;


-- -----------------------------------------------------
-- Data for table `pizzeries`.`stores`
-- -----------------------------------------------------
START TRANSACTION;
USE `pizzeries`;
INSERT INTO `pizzeries`.`stores` (`store_id`, `address`, `postal_code`, `locality_locality_id`, `province_province_id`) VALUES (1, 'via augusta 323', '08023', 2, 1);
INSERT INTO `pizzeries`.`stores` (`store_id`, `address`, `postal_code`, `locality_locality_id`, `province_province_id`) VALUES (2, 'santalo 31', '08019', 1, 1);
INSERT INTO `pizzeries`.`stores` (`store_id`, `address`, `postal_code`, `locality_locality_id`, `province_province_id`) VALUES (3, 'carrer de sants 208', '08803', 3, 1);
INSERT INTO `pizzeries`.`stores` (`store_id`, `address`, `postal_code`, `locality_locality_id`, `province_province_id`) VALUES (4, 'aribau 59', '08071', 1, 1);

COMMIT;


-- -----------------------------------------------------
-- Data for table `pizzeries`.`employees`
-- -----------------------------------------------------
START TRANSACTION;
USE `pizzeries`;
INSERT INTO `pizzeries`.`employees` (`employee_id`, `first_name`, `lasts_names`, `NIF`, `phone`, `work_title`, `stores_store_id`) VALUES (1, 'Victoria', 'Casademunt Puigmajor', '34122415T', '684938483', 'cook', 1);
INSERT INTO `pizzeries`.`employees` (`employee_id`, `first_name`, `lasts_names`, `NIF`, `phone`, `work_title`, `stores_store_id`) VALUES (2, 'Jorge', 'Palacios Vilanova', '53423131H', '739584938', 'delivery', 4);
INSERT INTO `pizzeries`.`employees` (`employee_id`, `first_name`, `lasts_names`, `NIF`, `phone`, `work_title`, `stores_store_id`) VALUES (3, 'Carolina', 'Ferre Portes', '44323131G', '649393053', 'delivery', 3);
INSERT INTO `pizzeries`.`employees` (`employee_id`, `first_name`, `lasts_names`, `NIF`, `phone`, `work_title`, `stores_store_id`) VALUES (4, 'Nerea', 'Valencia Gomez', '14342126J', '602935829', 'cook', 2);
INSERT INTO `pizzeries`.`employees` (`employee_id`, `first_name`, `lasts_names`, `NIF`, `phone`, `work_title`, `stores_store_id`) VALUES (5, 'Marc', 'Lopez Lopez', '76588323K', '602194900', 'cook', 3);
INSERT INTO `pizzeries`.`employees` (`employee_id`, `first_name`, `lasts_names`, `NIF`, `phone`, `work_title`, `stores_store_id`) VALUES (6, 'Lua', 'Gostez Martines', '23416436A', '712932495', 'delivery', 2);
INSERT INTO `pizzeries`.`employees` (`employee_id`, `first_name`, `lasts_names`, `NIF`, `phone`, `work_title`, `stores_store_id`) VALUES (7, 'Eudald', 'Perez Gonzalez', '43624314W', '619258324', 'delivery', 1);
INSERT INTO `pizzeries`.`employees` (`employee_id`, `first_name`, `lasts_names`, `NIF`, `phone`, `work_title`, `stores_store_id`) VALUES (8, 'Maria Lluisa', 'Godo Santana', '32413643N', '638041322', 'cook', 4);

COMMIT;


-- -----------------------------------------------------
-- Data for table `pizzeries`.`orders`
-- -----------------------------------------------------
START TRANSACTION;
USE `pizzeries`;
INSERT INTO `pizzeries`.`orders` (`order_id`, `order_datetime`, `order_type`, `total_price`, `clients_client_id`, `stores_store_id`, `employees_employee_id`, `delivery_datetime`) VALUES (1, '2022-01-01', 'delivery', 13.00, 4, 1, 7, '2022-01-01 09:32:00');
INSERT INTO `pizzeries`.`orders` (`order_id`, `order_datetime`, `order_type`, `total_price`, `clients_client_id`, `stores_store_id`, `employees_employee_id`, `delivery_datetime`) VALUES (2, '2022-01-06', 'pickup', 12.55, 7, 3, NULL, NULL);
INSERT INTO `pizzeries`.`orders` (`order_id`, `order_datetime`, `order_type`, `total_price`, `clients_client_id`, `stores_store_id`, `employees_employee_id`, `delivery_datetime`) VALUES (3, '2022-02-23', 'delivery', 17.30, 4, 4, 2, '2022-02-23 22:12:00');
INSERT INTO `pizzeries`.`orders` (`order_id`, `order_datetime`, `order_type`, `total_price`, `clients_client_id`, `stores_store_id`, `employees_employee_id`, `delivery_datetime`) VALUES (4, '2022-03-12', 'delivery', 12.50, 5, 2, 6, '2022-03-12 20:52:00');
INSERT INTO `pizzeries`.`orders` (`order_id`, `order_datetime`, `order_type`, `total_price`, `clients_client_id`, `stores_store_id`, `employees_employee_id`, `delivery_datetime`) VALUES (5, '2022-03-03', 'pickup', 14.80, 1, 2, NULL, NULL);
INSERT INTO `pizzeries`.`orders` (`order_id`, `order_datetime`, `order_type`, `total_price`, `clients_client_id`, `stores_store_id`, `employees_employee_id`, `delivery_datetime`) VALUES (6, '2022-04-14', 'pickup', 14.25, 6, 2, NULL, NULL);
INSERT INTO `pizzeries`.`orders` (`order_id`, `order_datetime`, `order_type`, `total_price`, `clients_client_id`, `stores_store_id`, `employees_employee_id`, `delivery_datetime`) VALUES (7, '2022-05-11', 'delivery', 11.50, 7, 1, 7, '2022-05-11 14:12:00');
INSERT INTO `pizzeries`.`orders` (`order_id`, `order_datetime`, `order_type`, `total_price`, `clients_client_id`, `stores_store_id`, `employees_employee_id`, `delivery_datetime`) VALUES (8, '2022-05-28', 'delivery', 12.75, 2, 1, 7, '2022-05-28 12:49:00');
INSERT INTO `pizzeries`.`orders` (`order_id`, `order_datetime`, `order_type`, `total_price`, `clients_client_id`, `stores_store_id`, `employees_employee_id`, `delivery_datetime`) VALUES (9, '2022-06-17', 'delivery', 15.25, 2, 4, 2, '2022-06-17 21:11:00');
INSERT INTO `pizzeries`.`orders` (`order_id`, `order_datetime`, `order_type`, `total_price`, `clients_client_id`, `stores_store_id`, `employees_employee_id`, `delivery_datetime`) VALUES (10, '2022-07-23', 'pickup', 13.25, 8, 2, NULL, NULL);
INSERT INTO `pizzeries`.`orders` (`order_id`, `order_datetime`, `order_type`, `total_price`, `clients_client_id`, `stores_store_id`, `employees_employee_id`, `delivery_datetime`) VALUES (11, '2022-09-15', 'delivery', 16.80, 10, 4, 2, '2022-09-15 22:52:00');
INSERT INTO `pizzeries`.`orders` (`order_id`, `order_datetime`, `order_type`, `total_price`, `clients_client_id`, `stores_store_id`, `employees_employee_id`, `delivery_datetime`) VALUES (12, '2022-09-20', 'pickup', 8.10, 9, 1, NULL, NULL);
INSERT INTO `pizzeries`.`orders` (`order_id`, `order_datetime`, `order_type`, `total_price`, `clients_client_id`, `stores_store_id`, `employees_employee_id`, `delivery_datetime`) VALUES (13, '2022-10-29', 'delivery', 11.45, 2, 1, 7, '2022-10-29 23:01:00');
INSERT INTO `pizzeries`.`orders` (`order_id`, `order_datetime`, `order_type`, `total_price`, `clients_client_id`, `stores_store_id`, `employees_employee_id`, `delivery_datetime`) VALUES (14, '2022-11-15', 'delivery', 16.70, 1, 3, 3, '2022-11-15 13:30:00');
INSERT INTO `pizzeries`.`orders` (`order_id`, `order_datetime`, `order_type`, `total_price`, `clients_client_id`, `stores_store_id`, `employees_employee_id`, `delivery_datetime`) VALUES (15, '2022-12-06', 'pickup', 17.30, 3, 3, NULL, NULL);

COMMIT;


-- -----------------------------------------------------
-- Data for table `pizzeries`.`drinks`
-- -----------------------------------------------------
START TRANSACTION;
USE `pizzeries`;
INSERT INTO `pizzeries`.`drinks` (`drink_id`, `name`, `description`, `image`, `unit_price`) VALUES (1, 'Aigua 35ML', 'aigua petita', NULL, 1.50);
INSERT INTO `pizzeries`.`drinks` (`drink_id`, `name`, `description`, `image`, `unit_price`) VALUES (2, 'Aigua 1L', 'aigua gran', NULL, 2.00);
INSERT INTO `pizzeries`.`drinks` (`drink_id`, `name`, `description`, `image`, `unit_price`) VALUES (3, 'Fanta llimona', 'llauna', NULL, 2.30);
INSERT INTO `pizzeries`.`drinks` (`drink_id`, `name`, `description`, `image`, `unit_price`) VALUES (4, 'Fanta taronja', 'llauna', NULL, 2.30);
INSERT INTO `pizzeries`.`drinks` (`drink_id`, `name`, `description`, `image`, `unit_price`) VALUES (5, 'Cocacola', 'llauna', NULL, 2.30);
INSERT INTO `pizzeries`.`drinks` (`drink_id`, `name`, `description`, `image`, `unit_price`) VALUES (6, 'Cervesa 33ML', 'llauna', NULL, 2.50);

COMMIT;


-- -----------------------------------------------------
-- Data for table `pizzeries`.`burguers`
-- -----------------------------------------------------
START TRANSACTION;
USE `pizzeries`;
INSERT INTO `pizzeries`.`burguers` (`burguer_id`, `name`, `description`, `image`, `unit_price`) VALUES (1, 'Burger Classic Chicken', 'Pollastre marinat casola, cabdells, tomaquet, ceba de figueres i salsa burger world', NULL, 8.10);
INSERT INTO `pizzeries`.`burguers` (`burguer_id`, `name`, `description`, `image`, `unit_price`) VALUES (2, 'Orlando Burger', 'Pollastre marinat, cabdells, tomaquet, ceba, provolone, xampinyons, i guacamole', NULL, 11.50);
INSERT INTO `pizzeries`.`burguers` (`burguer_id`, `name`, `description`, `image`, `unit_price`) VALUES (3, 'Burger World xai', '200gr be, cabdells, tomaquet, ceba, formatge de cabra, pebre verd i salsa ', NULL, 12.75);
INSERT INTO `pizzeries`.`burguers` (`burguer_id`, `name`, `description`, `image`, `unit_price`) VALUES (4, 'Burguer Crispy Chicken', 'Pollastre fregit arrebossat casola, cabdells, tomaquet, ceba, cheddar i salsa bbq', NULL, 10.15);
INSERT INTO `pizzeries`.`burguers` (`burguer_id`, `name`, `description`, `image`, `unit_price`) VALUES (5, 'Burger Yucatan', 'Vedella carn emmetxada estil pibil, cabdells, ceba fregida crispy i salsa thai', NULL, 11.45);
INSERT INTO `pizzeries`.`burguers` (`burguer_id`, `name`, `description`, `image`, `unit_price`) VALUES (6, 'Burger XXL Texas', '400g. vedella, cabdells, manxec, tomaquet, ceba, provolone i salsa mel mostassa', NULL, 17.30);

COMMIT;


-- -----------------------------------------------------
-- Data for table `pizzeries`.`pizza_categories`
-- -----------------------------------------------------
START TRANSACTION;
USE `pizzeries`;
INSERT INTO `pizzeries`.`pizza_categories` (`pizza_category_id`, `category_name`) VALUES (1, 'Classiques');
INSERT INTO `pizzeries`.`pizza_categories` (`pizza_category_id`, `category_name`) VALUES (2, 'Veganes');
INSERT INTO `pizzeries`.`pizza_categories` (`pizza_category_id`, `category_name`) VALUES (3, 'Especials');
INSERT INTO `pizzeries`.`pizza_categories` (`pizza_category_id`, `category_name`) VALUES (4, 'Sense gluten');

COMMIT;


-- -----------------------------------------------------
-- Data for table `pizzeries`.`pizzas`
-- -----------------------------------------------------
START TRANSACTION;
USE `pizzeries`;
INSERT INTO `pizzeries`.`pizzas` (`pizza_id`, `name`, `description`, `image`, `unit_price`, `pizza_categories_pizza_category_id`) VALUES (1, 'Napolitana', 'estil tradicional, tomata natural i alfabrega', NULL, 11.95, 1);
INSERT INTO `pizzeries`.`pizzas` (`pizza_id`, `name`, `description`, `image`, `unit_price`, `pizza_categories_pizza_category_id`) VALUES (2, 'Margarita', 'la de sempre, pels amants de la senzillesa', NULL, 10.55, 1);
INSERT INTO `pizzeries`.`pizzas` (`pizza_id`, `name`, `description`, `image`, `unit_price`, `pizza_categories_pizza_category_id`) VALUES (3, 'Diabola', 'emmental i xoriço picant i bitxo', NULL, 12.95, 1);
INSERT INTO `pizzeries`.`pizzas` (`pizza_id`, `name`, `description`, `image`, `unit_price`, `pizza_categories_pizza_category_id`) VALUES (4, 'Vegetal', 'verdura1,2,3,4 i 5 amb mozzarella', NULL, 12.50, 2);
INSERT INTO `pizzeries`.`pizzas` (`pizza_id`, `name`, `description`, `image`, `unit_price`, `pizza_categories_pizza_category_id`) VALUES (5, 'Salmoneta', 'Salmo fumat i burrata amb canonges', NULL, 14.40, 3);
INSERT INTO `pizzeries`.`pizzas` (`pizza_id`, `name`, `description`, `image`, `unit_price`, `pizza_categories_pizza_category_id`) VALUES (6, 'Trufada', 'Parmesa amb trufa ratllada i ou ferrat', NULL, 14.80, 3);
INSERT INTO `pizzeries`.`pizzas` (`pizza_id`, `name`, `description`, `image`, `unit_price`, `pizza_categories_pizza_category_id`) VALUES (7, '6 formatges', 'formatge 1,2,3,4,5,6', NULL, 13.95, 3);
INSERT INTO `pizzeries`.`pizzas` (`pizza_id`, `name`, `description`, `image`, `unit_price`, `pizza_categories_pizza_category_id`) VALUES (8, 'Capricciosa', 'pernil dolç, carxofes i olives negres', NULL, 13.25, 4);

COMMIT;


-- -----------------------------------------------------
-- Data for table `pizzeries`.`products`
-- -----------------------------------------------------
START TRANSACTION;
USE `pizzeries`;
INSERT INTO `pizzeries`.`products` (`product_id`, `drinks_drink_id`, `burguers_burguer_id`, `pizzas_pizza_id`) VALUES (1, 1, NULL, NULL);
INSERT INTO `pizzeries`.`products` (`product_id`, `drinks_drink_id`, `burguers_burguer_id`, `pizzas_pizza_id`) VALUES (2, 2, NULL, NULL);
INSERT INTO `pizzeries`.`products` (`product_id`, `drinks_drink_id`, `burguers_burguer_id`, `pizzas_pizza_id`) VALUES (3, 3, NULL, NULL);
INSERT INTO `pizzeries`.`products` (`product_id`, `drinks_drink_id`, `burguers_burguer_id`, `pizzas_pizza_id`) VALUES (4, 4, NULL, NULL);
INSERT INTO `pizzeries`.`products` (`product_id`, `drinks_drink_id`, `burguers_burguer_id`, `pizzas_pizza_id`) VALUES (5, 5, NULL, NULL);
INSERT INTO `pizzeries`.`products` (`product_id`, `drinks_drink_id`, `burguers_burguer_id`, `pizzas_pizza_id`) VALUES (6, 6, NULL, NULL);
INSERT INTO `pizzeries`.`products` (`product_id`, `drinks_drink_id`, `burguers_burguer_id`, `pizzas_pizza_id`) VALUES (7, NULL, 1, NULL);
INSERT INTO `pizzeries`.`products` (`product_id`, `drinks_drink_id`, `burguers_burguer_id`, `pizzas_pizza_id`) VALUES (8, NULL, 2, NULL);
INSERT INTO `pizzeries`.`products` (`product_id`, `drinks_drink_id`, `burguers_burguer_id`, `pizzas_pizza_id`) VALUES (9, NULL, 3, NULL);
INSERT INTO `pizzeries`.`products` (`product_id`, `drinks_drink_id`, `burguers_burguer_id`, `pizzas_pizza_id`) VALUES (10, NULL, 4, NULL);
INSERT INTO `pizzeries`.`products` (`product_id`, `drinks_drink_id`, `burguers_burguer_id`, `pizzas_pizza_id`) VALUES (11, NULL, 5, NULL);
INSERT INTO `pizzeries`.`products` (`product_id`, `drinks_drink_id`, `burguers_burguer_id`, `pizzas_pizza_id`) VALUES (12, NULL, 6, NULL);
INSERT INTO `pizzeries`.`products` (`product_id`, `drinks_drink_id`, `burguers_burguer_id`, `pizzas_pizza_id`) VALUES (13, NULL, NULL, 1);
INSERT INTO `pizzeries`.`products` (`product_id`, `drinks_drink_id`, `burguers_burguer_id`, `pizzas_pizza_id`) VALUES (14, NULL, NULL, 2);
INSERT INTO `pizzeries`.`products` (`product_id`, `drinks_drink_id`, `burguers_burguer_id`, `pizzas_pizza_id`) VALUES (15, NULL, NULL, 3);
INSERT INTO `pizzeries`.`products` (`product_id`, `drinks_drink_id`, `burguers_burguer_id`, `pizzas_pizza_id`) VALUES (16, NULL, NULL, 4);
INSERT INTO `pizzeries`.`products` (`product_id`, `drinks_drink_id`, `burguers_burguer_id`, `pizzas_pizza_id`) VALUES (17, NULL, NULL, 5);
INSERT INTO `pizzeries`.`products` (`product_id`, `drinks_drink_id`, `burguers_burguer_id`, `pizzas_pizza_id`) VALUES (18, NULL, NULL, 6);
INSERT INTO `pizzeries`.`products` (`product_id`, `drinks_drink_id`, `burguers_burguer_id`, `pizzas_pizza_id`) VALUES (19, NULL, NULL, 7);
INSERT INTO `pizzeries`.`products` (`product_id`, `drinks_drink_id`, `burguers_burguer_id`, `pizzas_pizza_id`) VALUES (20, NULL, NULL, 8);

COMMIT;


-- -----------------------------------------------------
-- Data for table `pizzeries`.`orders_has_products`
-- -----------------------------------------------------
START TRANSACTION;
USE `pizzeries`;
INSERT INTO `pizzeries`.`orders_has_products` (`orders_order_id`, `products_product_id`) VALUES (1, 1);
INSERT INTO `pizzeries`.`orders_has_products` (`orders_order_id`, `products_product_id`) VALUES (1, 8);
INSERT INTO `pizzeries`.`orders_has_products` (`orders_order_id`, `products_product_id`) VALUES (2, 2);
INSERT INTO `pizzeries`.`orders_has_products` (`orders_order_id`, `products_product_id`) VALUES (2, 14);
INSERT INTO `pizzeries`.`orders_has_products` (`orders_order_id`, `products_product_id`) VALUES (3, 12);
INSERT INTO `pizzeries`.`orders_has_products` (`orders_order_id`, `products_product_id`) VALUES (4, 16);
INSERT INTO `pizzeries`.`orders_has_products` (`orders_order_id`, `products_product_id`) VALUES (5, 18);
INSERT INTO `pizzeries`.`orders_has_products` (`orders_order_id`, `products_product_id`) VALUES (6, 4);
INSERT INTO `pizzeries`.`orders_has_products` (`orders_order_id`, `products_product_id`) VALUES (6, 13);
INSERT INTO `pizzeries`.`orders_has_products` (`orders_order_id`, `products_product_id`) VALUES (7, 8);
INSERT INTO `pizzeries`.`orders_has_products` (`orders_order_id`, `products_product_id`) VALUES (8, 9);
INSERT INTO `pizzeries`.`orders_has_products` (`orders_order_id`, `products_product_id`) VALUES (9, 15);
INSERT INTO `pizzeries`.`orders_has_products` (`orders_order_id`, `products_product_id`) VALUES (9, 5);
INSERT INTO `pizzeries`.`orders_has_products` (`orders_order_id`, `products_product_id`) VALUES (10, 20);
INSERT INTO `pizzeries`.`orders_has_products` (`orders_order_id`, `products_product_id`) VALUES (11, 2);
INSERT INTO `pizzeries`.`orders_has_products` (`orders_order_id`, `products_product_id`) VALUES (11, 18);
INSERT INTO `pizzeries`.`orders_has_products` (`orders_order_id`, `products_product_id`) VALUES (12, 7);
INSERT INTO `pizzeries`.`orders_has_products` (`orders_order_id`, `products_product_id`) VALUES (13, 11);
INSERT INTO `pizzeries`.`orders_has_products` (`orders_order_id`, `products_product_id`) VALUES (14, 3);
INSERT INTO `pizzeries`.`orders_has_products` (`orders_order_id`, `products_product_id`) VALUES (14, 17);
INSERT INTO `pizzeries`.`orders_has_products` (`orders_order_id`, `products_product_id`) VALUES (15, 12);

COMMIT;

