-- MySQL Script generated by MySQL Workbench
-- Sun Jan 15 14:54:32 2023
-- Model: New Model    Version: 1.0
-- MySQL Workbench Forward Engineering

SET @OLD_UNIQUE_CHECKS=@@UNIQUE_CHECKS, UNIQUE_CHECKS=0;
SET @OLD_FOREIGN_KEY_CHECKS=@@FOREIGN_KEY_CHECKS, FOREIGN_KEY_CHECKS=0;
SET @OLD_SQL_MODE=@@SQL_MODE, SQL_MODE='ONLY_FULL_GROUP_BY,STRICT_TRANS_TABLES,NO_ZERO_IN_DATE,NO_ZERO_DATE,ERROR_FOR_DIVISION_BY_ZERO,NO_ENGINE_SUBSTITUTION';

-- -----------------------------------------------------
-- Schema spotify
-- -----------------------------------------------------

-- -----------------------------------------------------
-- Schema spotify
-- -----------------------------------------------------
CREATE SCHEMA IF NOT EXISTS `spotify` DEFAULT CHARACTER SET utf8 ;
USE `spotify` ;

-- -----------------------------------------------------
-- Table `spotify`.`users`
-- -----------------------------------------------------
CREATE TABLE IF NOT EXISTS `spotify`.`users` (
  `user_id` INT NOT NULL AUTO_INCREMENT,
  `user_email` VARCHAR(45) NOT NULL,
  `user_password` VARCHAR(45) NOT NULL,
  `user_name` VARCHAR(45) NOT NULL,
  `birthdate` DATE NOT NULL,
  `gender` VARCHAR(45) NOT NULL,
  `country` VARCHAR(45) NOT NULL,
  `postal_code` VARCHAR(45) NOT NULL,
  `user_subscription` VARCHAR(45) NOT NULL,
  PRIMARY KEY (`user_id`))
ENGINE = InnoDB;


-- -----------------------------------------------------
-- Table `spotify`.`subscriptions`
-- -----------------------------------------------------
CREATE TABLE IF NOT EXISTS `spotify`.`subscriptions` (
  `subscription_id` INT NOT NULL AUTO_INCREMENT,
  `registration_date` DATE NOT NULL,
  `renovation_date` DATE NOT NULL,
  `users_user_id` INT NOT NULL,
  PRIMARY KEY (`subscription_id`),
  INDEX `fk_subscriptions_users1_idx` (`users_user_id` ASC) VISIBLE,
  CONSTRAINT `fk_subscriptions_users1`
    FOREIGN KEY (`users_user_id`)
    REFERENCES `spotify`.`users` (`user_id`)
    ON DELETE CASCADE
    ON UPDATE CASCADE)
ENGINE = InnoDB;


-- -----------------------------------------------------
-- Table `spotify`.`credit_cards`
-- -----------------------------------------------------
CREATE TABLE IF NOT EXISTS `spotify`.`credit_cards` (
  `credit_card_id` INT NOT NULL AUTO_INCREMENT,
  `card_number` VARCHAR(45) NOT NULL,
  `expiration_date` VARCHAR(45) NOT NULL,
  `security_code` INT NOT NULL,
  PRIMARY KEY (`credit_card_id`))
ENGINE = InnoDB;


-- -----------------------------------------------------
-- Table `spotify`.`paypals`
-- -----------------------------------------------------
CREATE TABLE IF NOT EXISTS `spotify`.`paypals` (
  `paypal_id` INT NOT NULL AUTO_INCREMENT,
  `user_name` VARCHAR(45) NOT NULL,
  PRIMARY KEY (`paypal_id`))
ENGINE = InnoDB;


-- -----------------------------------------------------
-- Table `spotify`.`payments`
-- -----------------------------------------------------
CREATE TABLE IF NOT EXISTS `spotify`.`payments` (
  `order_number` INT NOT NULL AUTO_INCREMENT,
  `payment_date` DATE NOT NULL,
  `quantity` DECIMAL(4,2) NOT NULL DEFAULT 0,
  `payment_option` VARCHAR(45) NOT NULL,
  `subscriptions_subscription_id` INT NOT NULL,
  `credit_cards_credit_card_id` INT NULL,
  `paypals_paypal_id` INT NULL,
  PRIMARY KEY (`order_number`),
  INDEX `fk_payments_subscriptions1_idx` (`subscriptions_subscription_id` ASC) VISIBLE,
  INDEX `fk_payments_credit_cards1_idx` (`credit_cards_credit_card_id` ASC) VISIBLE,
  INDEX `fk_payments_paypals1_idx` (`paypals_paypal_id` ASC) VISIBLE,
  CONSTRAINT `fk_payments_subscriptions1`
    FOREIGN KEY (`subscriptions_subscription_id`)
    REFERENCES `spotify`.`subscriptions` (`subscription_id`)
    ON DELETE CASCADE
    ON UPDATE CASCADE,
  CONSTRAINT `fk_payments_credit_cards1`
    FOREIGN KEY (`credit_cards_credit_card_id`)
    REFERENCES `spotify`.`credit_cards` (`credit_card_id`)
    ON DELETE CASCADE
    ON UPDATE CASCADE,
  CONSTRAINT `fk_payments_paypals1`
    FOREIGN KEY (`paypals_paypal_id`)
    REFERENCES `spotify`.`paypals` (`paypal_id`)
    ON DELETE CASCADE
    ON UPDATE CASCADE)
ENGINE = InnoDB;


-- -----------------------------------------------------
-- Table `spotify`.`active_playlists`
-- -----------------------------------------------------
CREATE TABLE IF NOT EXISTS `spotify`.`active_playlists` (
  `playlist_id` INT NOT NULL AUTO_INCREMENT,
  `playlist_title` VARCHAR(45) NOT NULL,
  `number_of_songs` INT NOT NULL DEFAULT 0,
  `creation_date` DATE NOT NULL,
  PRIMARY KEY (`playlist_id`))
ENGINE = InnoDB;


-- -----------------------------------------------------
-- Table `spotify`.`eliminated_playlists`
-- -----------------------------------------------------
CREATE TABLE IF NOT EXISTS `spotify`.`eliminated_playlists` (
  `eliminated_playlist_id` INT NOT NULL AUTO_INCREMENT,
  `playlist_title` VARCHAR(45) NOT NULL,
  `number_of_songs` INT NOT NULL,
  `creation_date` DATE NOT NULL,
  `elimination_date` DATE NOT NULL,
  `users_user_id` INT NOT NULL,
  PRIMARY KEY (`eliminated_playlist_id`),
  INDEX `fk_eliminated_playlists_users1_idx` (`users_user_id` ASC) VISIBLE,
  CONSTRAINT `fk_eliminated_playlists_users1`
    FOREIGN KEY (`users_user_id`)
    REFERENCES `spotify`.`users` (`user_id`)
    ON DELETE CASCADE
    ON UPDATE CASCADE)
ENGINE = InnoDB;


-- -----------------------------------------------------
-- Table `spotify`.`artists`
-- -----------------------------------------------------
CREATE TABLE IF NOT EXISTS `spotify`.`artists` (
  `artist_id` INT NOT NULL AUTO_INCREMENT,
  `artist_name` VARCHAR(45) NOT NULL,
  `artist_photo` VARCHAR(45) NOT NULL,
  PRIMARY KEY (`artist_id`))
ENGINE = InnoDB;


-- -----------------------------------------------------
-- Table `spotify`.`albums`
-- -----------------------------------------------------
CREATE TABLE IF NOT EXISTS `spotify`.`albums` (
  `album_id` INT NOT NULL AUTO_INCREMENT,
  `album_title` VARCHAR(45) NOT NULL,
  `publication_year` YEAR NOT NULL,
  `cover_image` VARCHAR(45) NOT NULL,
  `artists_artist_id` INT NOT NULL,
  PRIMARY KEY (`album_id`),
  INDEX `fk_albums_artists1_idx` (`artists_artist_id` ASC) VISIBLE,
  CONSTRAINT `fk_albums_artists1`
    FOREIGN KEY (`artists_artist_id`)
    REFERENCES `spotify`.`artists` (`artist_id`)
    ON DELETE CASCADE
    ON UPDATE CASCADE)
ENGINE = InnoDB;


-- -----------------------------------------------------
-- Table `spotify`.`songs`
-- -----------------------------------------------------
CREATE TABLE IF NOT EXISTS `spotify`.`songs` (
  `song_id` INT NOT NULL AUTO_INCREMENT,
  `song_title` VARCHAR(45) NOT NULL,
  `song_duration` DECIMAL(4,2) NOT NULL,
  `number_of_reproductions` INT(10) NOT NULL DEFAULT 0,
  `albums_album_id` INT NOT NULL,
  PRIMARY KEY (`song_id`),
  INDEX `fk_songs_albums1_idx` (`albums_album_id` ASC) VISIBLE,
  CONSTRAINT `fk_songs_albums1`
    FOREIGN KEY (`albums_album_id`)
    REFERENCES `spotify`.`albums` (`album_id`)
    ON DELETE CASCADE
    ON UPDATE CASCADE)
ENGINE = InnoDB;


-- -----------------------------------------------------
-- Table `spotify`.`users_has_active_playlists`
-- -----------------------------------------------------
CREATE TABLE IF NOT EXISTS `spotify`.`users_has_active_playlists` (
  `users_user_id` INT NOT NULL,
  `active_playlists_active_playlist_id` INT NOT NULL,
  PRIMARY KEY (`users_user_id`, `active_playlists_active_playlist_id`),
  INDEX `fk_users_has_active_playlists_active_playlists1_idx` (`active_playlists_active_playlist_id` ASC) VISIBLE,
  INDEX `fk_users_has_active_playlists_users1_idx` (`users_user_id` ASC) VISIBLE,
  CONSTRAINT `fk_users_has_active_playlists_users1`
    FOREIGN KEY (`users_user_id`)
    REFERENCES `spotify`.`users` (`user_id`)
    ON DELETE CASCADE
    ON UPDATE CASCADE,
  CONSTRAINT `fk_users_has_active_playlists_active_playlists1`
    FOREIGN KEY (`active_playlists_active_playlist_id`)
    REFERENCES `spotify`.`active_playlists` (`playlist_id`)
    ON DELETE CASCADE
    ON UPDATE CASCADE)
ENGINE = InnoDB;


-- -----------------------------------------------------
-- Table `spotify`.`active_playlists_has_songs`
-- -----------------------------------------------------
CREATE TABLE IF NOT EXISTS `spotify`.`active_playlists_has_songs` (
  `active_playlists_playlist_id` INT NOT NULL,
  `songs_song_id` INT NOT NULL,
  PRIMARY KEY (`active_playlists_playlist_id`, `songs_song_id`),
  INDEX `fk_active_playlists_has_songs_songs1_idx` (`songs_song_id` ASC) VISIBLE,
  INDEX `fk_active_playlists_has_songs_active_playlists1_idx` (`active_playlists_playlist_id` ASC) VISIBLE,
  CONSTRAINT `fk_active_playlists_has_songs_active_playlists1`
    FOREIGN KEY (`active_playlists_playlist_id`)
    REFERENCES `spotify`.`active_playlists` (`playlist_id`)
    ON DELETE CASCADE
    ON UPDATE CASCADE,
  CONSTRAINT `fk_active_playlists_has_songs_songs1`
    FOREIGN KEY (`songs_song_id`)
    REFERENCES `spotify`.`songs` (`song_id`)
    ON DELETE CASCADE
    ON UPDATE CASCADE)
ENGINE = InnoDB;


-- -----------------------------------------------------
-- Table `spotify`.`users_fav_artists`
-- -----------------------------------------------------
CREATE TABLE IF NOT EXISTS `spotify`.`users_fav_artists` (
  `users_user_id` INT NOT NULL,
  `artists_artist_id` INT NOT NULL,
  PRIMARY KEY (`users_user_id`, `artists_artist_id`),
  INDEX `fk_users_has_artists_artists1_idx` (`artists_artist_id` ASC) VISIBLE,
  INDEX `fk_users_has_artists_users1_idx` (`users_user_id` ASC) VISIBLE,
  CONSTRAINT `fk_users_has_artists_users1`
    FOREIGN KEY (`users_user_id`)
    REFERENCES `spotify`.`users` (`user_id`)
    ON DELETE CASCADE
    ON UPDATE CASCADE,
  CONSTRAINT `fk_users_has_artists_artists1`
    FOREIGN KEY (`artists_artist_id`)
    REFERENCES `spotify`.`artists` (`artist_id`)
    ON DELETE CASCADE
    ON UPDATE CASCADE)
ENGINE = InnoDB;


-- -----------------------------------------------------
-- Table `spotify`.`artists_has_artists`
-- -----------------------------------------------------
CREATE TABLE IF NOT EXISTS `spotify`.`artists_has_artists` (
  `artists_artist_id` INT NOT NULL,
  `artists_related_artist_id` INT NOT NULL,
  PRIMARY KEY (`artists_artist_id`, `artists_related_artist_id`),
  INDEX `fk_artists_has_artists_artists2_idx` (`artists_related_artist_id` ASC) VISIBLE,
  INDEX `fk_artists_has_artists_artists1_idx` (`artists_artist_id` ASC) VISIBLE,
  CONSTRAINT `fk_artists_has_artists_artists1`
    FOREIGN KEY (`artists_artist_id`)
    REFERENCES `spotify`.`artists` (`artist_id`)
    ON DELETE CASCADE
    ON UPDATE CASCADE,
  CONSTRAINT `fk_artists_has_artists_artists2`
    FOREIGN KEY (`artists_related_artist_id`)
    REFERENCES `spotify`.`artists` (`artist_id`)
    ON DELETE CASCADE
    ON UPDATE CASCADE)
ENGINE = InnoDB;


-- -----------------------------------------------------
-- Table `spotify`.`users_fav_albums`
-- -----------------------------------------------------
CREATE TABLE IF NOT EXISTS `spotify`.`users_fav_albums` (
  `users_user_id` INT NOT NULL,
  `albums_album_id` INT NOT NULL,
  PRIMARY KEY (`users_user_id`, `albums_album_id`),
  INDEX `fk_users_has_albums_albums1_idx` (`albums_album_id` ASC) VISIBLE,
  INDEX `fk_users_has_albums_users1_idx` (`users_user_id` ASC) VISIBLE,
  CONSTRAINT `fk_users_has_albums_users1`
    FOREIGN KEY (`users_user_id`)
    REFERENCES `spotify`.`users` (`user_id`)
    ON DELETE CASCADE
    ON UPDATE CASCADE,
  CONSTRAINT `fk_users_has_albums_albums1`
    FOREIGN KEY (`albums_album_id`)
    REFERENCES `spotify`.`albums` (`album_id`)
    ON DELETE CASCADE
    ON UPDATE CASCADE)
ENGINE = InnoDB;


-- -----------------------------------------------------
-- Table `spotify`.`users_fav_songs`
-- -----------------------------------------------------
CREATE TABLE IF NOT EXISTS `spotify`.`users_fav_songs` (
  `users_user_id` INT NOT NULL,
  `songs_song_id` INT NOT NULL,
  PRIMARY KEY (`users_user_id`, `songs_song_id`),
  INDEX `fk_users_has_songs_songs1_idx` (`songs_song_id` ASC) VISIBLE,
  INDEX `fk_users_has_songs_users1_idx` (`users_user_id` ASC) VISIBLE,
  CONSTRAINT `fk_users_has_songs_users1`
    FOREIGN KEY (`users_user_id`)
    REFERENCES `spotify`.`users` (`user_id`)
    ON DELETE CASCADE
    ON UPDATE CASCADE,
  CONSTRAINT `fk_users_has_songs_songs1`
    FOREIGN KEY (`songs_song_id`)
    REFERENCES `spotify`.`songs` (`song_id`)
    ON DELETE CASCADE
    ON UPDATE CASCADE)
ENGINE = InnoDB;


SET SQL_MODE=@OLD_SQL_MODE;
SET FOREIGN_KEY_CHECKS=@OLD_FOREIGN_KEY_CHECKS;
SET UNIQUE_CHECKS=@OLD_UNIQUE_CHECKS;

-- -----------------------------------------------------
-- Data for table `spotify`.`users`
-- -----------------------------------------------------
START TRANSACTION;
USE `spotify`;
INSERT INTO `spotify`.`users` (`user_id`, `user_email`, `user_password`, `user_name`, `birthdate`, `gender`, `country`, `postal_code`, `user_subscription`) VALUES (1, 'mads_nielsen@gmail.com', 'fuglenermenneske', 'mads_fuglen7', '1987-05-28', 'male', 'DENMARK', '47534', 'free');
INSERT INTO `spotify`.`users` (`user_id`, `user_email`, `user_password`, `user_name`, `birthdate`, `gender`, `country`, `postal_code`, `user_subscription`) VALUES (2, 'mariapardojijon7@gmail.com', 'cuatro5cinco4', 'huevona35', '1990-07-01', 'female', 'SPAIN', '74567', 'premium');
INSERT INTO `spotify`.`users` (`user_id`, `user_email`, `user_password`, `user_name`, `birthdate`, `gender`, `country`, `postal_code`, `user_subscription`) VALUES (3, 'leilajhon02@hotmail.com', 'serendipityPass0', 'serendipity20', '1993-12-30', 'female', 'UK', '76435', 'free');
INSERT INTO `spotify`.`users` (`user_id`, `user_email`, `user_password`, `user_name`, `birthdate`, `gender`, `country`, `postal_code`, `user_subscription`) VALUES (4, 'marioguerrero@gmail.com', 'a9fdn3k43nf', 'nomamesguey8', '1992-03-17', 'male', 'MEXICO', '95469', 'premium');
INSERT INTO `spotify`.`users` (`user_id`, `user_email`, `user_password`, `user_name`, `birthdate`, `gender`, `country`, `postal_code`, `user_subscription`) VALUES (5, 'clarachiamelmelade@gmail.com', '23j5m4l24m325l3k', 'heilvegans19', '1989-09-14', 'female', 'GERMANY', '24623', 'premium');
INSERT INTO `spotify`.`users` (`user_id`, `user_email`, `user_password`, `user_name`, `birthdate`, `gender`, `country`, `postal_code`, `user_subscription`) VALUES (6, 'cclaramentesal@gmail.com', 'quenotesalpique', 'claramente_22', '1991-06-21', 'female', 'SPAIN', '23542', 'free');
INSERT INTO `spotify`.`users` (`user_id`, `user_email`, `user_password`, `user_name`, `birthdate`, `gender`, `country`, `postal_code`, `user_subscription`) VALUES (7, 'mathiaskone@hotmail.com', 'jn32doggie', 'karlikerhunder3', '1979-03-17', 'male', 'NORWAY', '32422', 'premium');
INSERT INTO `spotify`.`users` (`user_id`, `user_email`, `user_password`, `user_name`, `birthdate`, `gender`, `country`, `postal_code`, `user_subscription`) VALUES (8, 'mayapaola@gmail.com', 'msd9jfaks0sad', 'redlipschaos', '1990-11-16', 'agender', 'ITALY', '23567', 'premium');
INSERT INTO `spotify`.`users` (`user_id`, `user_email`, `user_password`, `user_name`, `birthdate`, `gender`, `country`, `postal_code`, `user_subscription`) VALUES (9, 'mariehoffman@gmail.com', '9kasd0sdks', 'lavieenrose96', '1996-10-28', 'female', 'CANADA', '96544', 'free');
INSERT INTO `spotify`.`users` (`user_id`, `user_email`, `user_password`, `user_name`, `birthdate`, `gender`, `country`, `postal_code`, `user_subscription`) VALUES (10, 'hannasvenson@hotmail.com', 'bormigihellen', 'jegborimandag', '1988-07-19', 'agender', 'DENMARK', '00986', 'free');

COMMIT;


-- -----------------------------------------------------
-- Data for table `spotify`.`subscriptions`
-- -----------------------------------------------------
START TRANSACTION;
USE `spotify`;
INSERT INTO `spotify`.`subscriptions` (`subscription_id`, `registration_date`, `renovation_date`, `users_user_id`) VALUES (1, '2021-02-18', '2023-02-17', 2);
INSERT INTO `spotify`.`subscriptions` (`subscription_id`, `registration_date`, `renovation_date`, `users_user_id`) VALUES (2, '2021-05-29', '2023-05-28', 4);
INSERT INTO `spotify`.`subscriptions` (`subscription_id`, `registration_date`, `renovation_date`, `users_user_id`) VALUES (3, '2022-09-01', '2023-08-31', 5);
INSERT INTO `spotify`.`subscriptions` (`subscription_id`, `registration_date`, `renovation_date`, `users_user_id`) VALUES (4, '2022-11-15', '2023-11-14', 7);
INSERT INTO `spotify`.`subscriptions` (`subscription_id`, `registration_date`, `renovation_date`, `users_user_id`) VALUES (5, '2022-11-30', '2023-11-29', 8);

COMMIT;


-- -----------------------------------------------------
-- Data for table `spotify`.`credit_cards`
-- -----------------------------------------------------
START TRANSACTION;
USE `spotify`;
INSERT INTO `spotify`.`credit_cards` (`credit_card_id`, `card_number`, `expiration_date`, `security_code`) VALUES (1, '1234153123167545235', '2024-09-10', 423);
INSERT INTO `spotify`.`credit_cards` (`credit_card_id`, `card_number`, `expiration_date`, `security_code`) VALUES (2, '7674326443644234241', '2026-01-16', 653);
INSERT INTO `spotify`.`credit_cards` (`credit_card_id`, `card_number`, `expiration_date`, `security_code`) VALUES (3, '8757456451253243266', '2024-03-03', 324);

COMMIT;


-- -----------------------------------------------------
-- Data for table `spotify`.`paypals`
-- -----------------------------------------------------
START TRANSACTION;
USE `spotify`;
INSERT INTO `spotify`.`paypals` (`paypal_id`, `user_name`) VALUES (1, 'Maria Pardo Jijon');
INSERT INTO `spotify`.`paypals` (`paypal_id`, `user_name`) VALUES (2, 'Clara Pique');

COMMIT;


-- -----------------------------------------------------
-- Data for table `spotify`.`payments`
-- -----------------------------------------------------
START TRANSACTION;
USE `spotify`;
INSERT INTO `spotify`.`payments` (`order_number`, `payment_date`, `quantity`, `payment_option`, `subscriptions_subscription_id`, `credit_cards_credit_card_id`, `paypals_paypal_id`) VALUES (1, '2021-02-18', 39.99, 'payPal', 1, NULL, 1);
INSERT INTO `spotify`.`payments` (`order_number`, `payment_date`, `quantity`, `payment_option`, `subscriptions_subscription_id`, `credit_cards_credit_card_id`, `paypals_paypal_id`) VALUES (2, '2021-05-29', 39.99, 'credit card', 2, 1, NULL);
INSERT INTO `spotify`.`payments` (`order_number`, `payment_date`, `quantity`, `payment_option`, `subscriptions_subscription_id`, `credit_cards_credit_card_id`, `paypals_paypal_id`) VALUES (3, '2022-02-18', 49.99, 'payPal', 1, NULL, 1);
INSERT INTO `spotify`.`payments` (`order_number`, `payment_date`, `quantity`, `payment_option`, `subscriptions_subscription_id`, `credit_cards_credit_card_id`, `paypals_paypal_id`) VALUES (4, '2022-05-29', 49.99, 'credit card', 2, 1, NULL);
INSERT INTO `spotify`.`payments` (`order_number`, `payment_date`, `quantity`, `payment_option`, `subscriptions_subscription_id`, `credit_cards_credit_card_id`, `paypals_paypal_id`) VALUES (5, '2022-09-01', 39.99, 'payPal', 3, NULL, 2);
INSERT INTO `spotify`.`payments` (`order_number`, `payment_date`, `quantity`, `payment_option`, `subscriptions_subscription_id`, `credit_cards_credit_card_id`, `paypals_paypal_id`) VALUES (6, '2022-11-15', 39.99, 'credit card', 4, 2, NULL);
INSERT INTO `spotify`.`payments` (`order_number`, `payment_date`, `quantity`, `payment_option`, `subscriptions_subscription_id`, `credit_cards_credit_card_id`, `paypals_paypal_id`) VALUES (7, '2022-11-30', 39.99, 'credit card', 5, 3, NULL);

COMMIT;


-- -----------------------------------------------------
-- Data for table `spotify`.`active_playlists`
-- -----------------------------------------------------
START TRANSACTION;
USE `spotify`;
INSERT INTO `spotify`.`active_playlists` (`playlist_id`, `playlist_title`, `number_of_songs`, `creation_date`) VALUES (1, '80s 90s gems', 6, '2022-03-29');
INSERT INTO `spotify`.`active_playlists` (`playlist_id`, `playlist_title`, `number_of_songs`, `creation_date`) VALUES (2, 'lets move the squelet', 5, '2022-06-22');
INSERT INTO `spotify`.`active_playlists` (`playlist_id`, `playlist_title`, `number_of_songs`, `creation_date`) VALUES (3, 'awesome females', 9, '2022-12-01');
INSERT INTO `spotify`.`active_playlists` (`playlist_id`, `playlist_title`, `number_of_songs`, `creation_date`) VALUES (4, 'pop culture', 8, '2022-10-16');
INSERT INTO `spotify`.`active_playlists` (`playlist_id`, `playlist_title`, `number_of_songs`, `creation_date`) VALUES (5, 'mix for making sqls', 20, '2022-08-03');

COMMIT;


-- -----------------------------------------------------
-- Data for table `spotify`.`eliminated_playlists`
-- -----------------------------------------------------
START TRANSACTION;
USE `spotify`;
INSERT INTO `spotify`.`eliminated_playlists` (`eliminated_playlist_id`, `playlist_title`, `number_of_songs`, `creation_date`, `elimination_date`, `users_user_id`) VALUES (1, 'randomrandom', 5, '2022-02-27', '2022-09-28', 1);
INSERT INTO `spotify`.`eliminated_playlists` (`eliminated_playlist_id`, `playlist_title`, `number_of_songs`, `creation_date`, `elimination_date`, `users_user_id`) VALUES (2, 'very strange music', 3, '2022-03-20', '2022-03-21', 7);
INSERT INTO `spotify`.`eliminated_playlists` (`eliminated_playlist_id`, `playlist_title`, `number_of_songs`, `creation_date`, `elimination_date`, `users_user_id`) VALUES (3, 'best music evah', 5, '2022-05-21', '2022-11-18', 9);
INSERT INTO `spotify`.`eliminated_playlists` (`eliminated_playlist_id`, `playlist_title`, `number_of_songs`, `creation_date`, `elimination_date`, `users_user_id`) VALUES (4, 'test n4', 6, '2022-06-12', '2022-07-02', 10);

COMMIT;


-- -----------------------------------------------------
-- Data for table `spotify`.`artists`
-- -----------------------------------------------------
START TRANSACTION;
USE `spotify`;
INSERT INTO `spotify`.`artists` (`artist_id`, `artist_name`, `artist_photo`) VALUES (1, 'Cyndi Lauper', 'cyndilauper.jpg');
INSERT INTO `spotify`.`artists` (`artist_id`, `artist_name`, `artist_photo`) VALUES (2, 'Arctic Monkeys', 'arcticmonkeys.jpg');
INSERT INTO `spotify`.`artists` (`artist_id`, `artist_name`, `artist_photo`) VALUES (3, 'Jackson C. Frank', 'jacksoncfrank.jpg');
INSERT INTO `spotify`.`artists` (`artist_id`, `artist_name`, `artist_photo`) VALUES (4, 'Lilly Allen', 'lillyallen.jpg');
INSERT INTO `spotify`.`artists` (`artist_id`, `artist_name`, `artist_photo`) VALUES (5, 'Hozier', 'hozier.jpg');
INSERT INTO `spotify`.`artists` (`artist_id`, `artist_name`, `artist_photo`) VALUES (6, 'Amy Winehouse', 'amywinehouse.jpg');
INSERT INTO `spotify`.`artists` (`artist_id`, `artist_name`, `artist_photo`) VALUES (7, 'Belle&Sebastian', 'belleandsebastian.jpg');
INSERT INTO `spotify`.`artists` (`artist_id`, `artist_name`, `artist_photo`) VALUES (8, 'Jack Johnson', 'jackjohnson.jpg');
INSERT INTO `spotify`.`artists` (`artist_id`, `artist_name`, `artist_photo`) VALUES (9, 'Katrina&The Waves', 'katrinaandthewaves.jpg');
INSERT INTO `spotify`.`artists` (`artist_id`, `artist_name`, `artist_photo`) VALUES (10, 'Etta James', 'ettajames.jpg');
INSERT INTO `spotify`.`artists` (`artist_id`, `artist_name`, `artist_photo`) VALUES (11, 'Thurston Harris', 'thurstonharris.jpg');
INSERT INTO `spotify`.`artists` (`artist_id`, `artist_name`, `artist_photo`) VALUES (12, 'No.4', 'no4.jpg');
INSERT INTO `spotify`.`artists` (`artist_id`, `artist_name`, `artist_photo`) VALUES (13, 'Barry Louis Polisar&co', 'barrylouispolisarandco.jpg');
INSERT INTO `spotify`.`artists` (`artist_id`, `artist_name`, `artist_photo`) VALUES (14, 'Noah and the whale', 'noahandthewhale.jpg');
INSERT INTO `spotify`.`artists` (`artist_id`, `artist_name`, `artist_photo`) VALUES (15, 'Penny and the Quarters', 'pennyandthequarters.jpg');
INSERT INTO `spotify`.`artists` (`artist_id`, `artist_name`, `artist_photo`) VALUES (16, 'Moriarty', 'moriarty.jpg');

COMMIT;


-- -----------------------------------------------------
-- Data for table `spotify`.`albums`
-- -----------------------------------------------------
START TRANSACTION;
USE `spotify`;
INSERT INTO `spotify`.`albums` (`album_id`, `album_title`, `publication_year`, `cover_image`, `artists_artist_id`) VALUES (1, 'Juno Soundtrack', 2007, 'juno.jpg', 13);
INSERT INTO `spotify`.`albums` (`album_id`, `album_title`, `publication_year`, `cover_image`, `artists_artist_id`) VALUES (2, 'In Between Dreams', 2005, 'inbetweendreams.jpg', 8);
INSERT INTO `spotify`.`albums` (`album_id`, `album_title`, `publication_year`, `cover_image`, `artists_artist_id`) VALUES (3, 'The boy with the arab strap', 1998, 'boywitharabstrap.jpg', 7);
INSERT INTO `spotify`.`albums` (`album_id`, `album_title`, `publication_year`, `cover_image`, `artists_artist_id`) VALUES (4, 'Jackson C. Frank', 2001, 'jacksoncfrank.jpg', 3);
INSERT INTO `spotify`.`albums` (`album_id`, `album_title`, `publication_year`, `cover_image`, `artists_artist_id`) VALUES (5, 'Alright, still', 2006, 'alrightstill.jpg', 4);
INSERT INTO `spotify`.`albums` (`album_id`, `album_title`, `publication_year`, `cover_image`, `artists_artist_id`) VALUES (6, 'She is so unusual', 1983, 'sheissounusual.jpg', 1);
INSERT INTO `spotify`.`albums` (`album_id`, `album_title`, `publication_year`, `cover_image`, `artists_artist_id`) VALUES (7, 'True colors', 1986, 'truecolors.jpg', 1);
INSERT INTO `spotify`.`albums` (`album_id`, `album_title`, `publication_year`, `cover_image`, `artists_artist_id`) VALUES (8, 'Katrina&The Waves', 1985, 'katrinandwaves.jpg', 9);
INSERT INTO `spotify`.`albums` (`album_id`, `album_title`, `publication_year`, `cover_image`, `artists_artist_id`) VALUES (9, 'At last!', 1960, 'atlast.jpg', 10);
INSERT INTO `spotify`.`albums` (`album_id`, `album_title`, `publication_year`, `cover_image`, `artists_artist_id`) VALUES (10, 'Thurston Harris', 1959, 'thurstonharris.jpg', 11);
INSERT INTO `spotify`.`albums` (`album_id`, `album_title`, `publication_year`, `cover_image`, `artists_artist_id`) VALUES (11, 'Peaceful, the world lays me down', 2008, 'peacefullonesome.jpg', 14);
INSERT INTO `spotify`.`albums` (`album_id`, `album_title`, `publication_year`, `cover_image`, `artists_artist_id`) VALUES (12, 'You and me', 1970, 'youandme.jpg', 15);
INSERT INTO `spotify`.`albums` (`album_id`, `album_title`, `publication_year`, `cover_image`, `artists_artist_id`) VALUES (13, 'Henda i vaeret', 2016, 'hendaivaeret.jpg', 12);
INSERT INTO `spotify`.`albums` (`album_id`, `album_title`, `publication_year`, `cover_image`, `artists_artist_id`) VALUES (14, 'Gee whiz but this is a lonesome town', 2007, 'geewhiztown.jpg', 16);
INSERT INTO `spotify`.`albums` (`album_id`, `album_title`, `publication_year`, `cover_image`, `artists_artist_id`) VALUES (15, 'Back to black', 2006, 'backtoblack.jpg', 6);
INSERT INTO `spotify`.`albums` (`album_id`, `album_title`, `publication_year`, `cover_image`, `artists_artist_id`) VALUES (16, 'Hozier. Special Edition', 2014, 'hozierspecial.jpg', 5);
INSERT INTO `spotify`.`albums` (`album_id`, `album_title`, `publication_year`, `cover_image`, `artists_artist_id`) VALUES (17, 'Whatever people say I am, thats what Im not', 2006, 'whateverpeoplesay.jpg', 2);

COMMIT;


-- -----------------------------------------------------
-- Data for table `spotify`.`songs`
-- -----------------------------------------------------
START TRANSACTION;
USE `spotify`;
INSERT INTO `spotify`.`songs` (`song_id`, `song_title`, `song_duration`, `number_of_reproductions`, `albums_album_id`) VALUES (1, 'All I want is you', 2.37, 1245646, 1);
INSERT INTO `spotify`.`songs` (`song_id`, `song_title`, `song_duration`, `number_of_reproductions`, `albums_album_id`) VALUES (2, 'Better together', 3.27, 1346314, 2);
INSERT INTO `spotify`.`songs` (`song_id`, `song_title`, `song_duration`, `number_of_reproductions`, `albums_album_id`) VALUES (3, 'Banana Pancakes', 3.11, 2454366, 2);
INSERT INTO `spotify`.`songs` (`song_id`, `song_title`, `song_duration`, `number_of_reproductions`, `albums_album_id`) VALUES (4, 'It could have been a brilliant career', 2.23, 5423532, 3);
INSERT INTO `spotify`.`songs` (`song_id`, `song_title`, `song_duration`, `number_of_reproductions`, `albums_album_id`) VALUES (5, 'The boy with the arab strap', 5.14, 46174247, 3);
INSERT INTO `spotify`.`songs` (`song_id`, `song_title`, `song_duration`, `number_of_reproductions`, `albums_album_id`) VALUES (6, 'Blues run the game', 3.31, 7453342, 4);
INSERT INTO `spotify`.`songs` (`song_id`, `song_title`, `song_duration`, `number_of_reproductions`, `albums_album_id`) VALUES (7, 'Smile', 3.36, 232542326, 5);
INSERT INTO `spotify`.`songs` (`song_id`, `song_title`, `song_duration`, `number_of_reproductions`, `albums_album_id`) VALUES (8, 'Everything is just wonderful', 3.28, 5423212, 5);
INSERT INTO `spotify`.`songs` (`song_id`, `song_title`, `song_duration`, `number_of_reproductions`, `albums_album_id`) VALUES (9, 'Girls just wanna have fun', 3.58, 790323235, 6);
INSERT INTO `spotify`.`songs` (`song_id`, `song_title`, `song_duration`, `number_of_reproductions`, `albums_album_id`) VALUES (10, 'True colors', 3.47, 198212821, 7);
INSERT INTO `spotify`.`songs` (`song_id`, `song_title`, `song_duration`, `number_of_reproductions`, `albums_album_id`) VALUES (11, 'Walking on sunshine', 3.58, 314463142, 8);
INSERT INTO `spotify`.`songs` (`song_id`, `song_title`, `song_duration`, `number_of_reproductions`, `albums_album_id`) VALUES (12, 'At last', 2.59, 321513212, 9);
INSERT INTO `spotify`.`songs` (`song_id`, `song_title`, `song_duration`, `number_of_reproductions`, `albums_album_id`) VALUES (13, 'Little bitty pretty one', 2.23, 1235422, 10);
INSERT INTO `spotify`.`songs` (`song_id`, `song_title`, `song_duration`, `number_of_reproductions`, `albums_album_id`) VALUES (14, '5 years time', 3.35, 735423, 11);
INSERT INTO `spotify`.`songs` (`song_id`, `song_title`, `song_duration`, `number_of_reproductions`, `albums_album_id`) VALUES (15, 'You and me', 2.40, 2364215, 12);
INSERT INTO `spotify`.`songs` (`song_id`, `song_title`, `song_duration`, `number_of_reproductions`, `albums_album_id`) VALUES (16, 'Lite og stort', 3.11, 12441, 13);
INSERT INTO `spotify`.`songs` (`song_id`, `song_title`, `song_duration`, `number_of_reproductions`, `albums_album_id`) VALUES (17, 'Jimmy', 4.24, 123461, 14);
INSERT INTO `spotify`.`songs` (`song_id`, `song_title`, `song_duration`, `number_of_reproductions`, `albums_album_id`) VALUES (18, 'Valerie', 3.53, 246242124, 15);
INSERT INTO `spotify`.`songs` (`song_id`, `song_title`, `song_duration`, `number_of_reproductions`, `albums_album_id`) VALUES (19, 'Jackie and Wilson', 3.43, 75352135, 16);
INSERT INTO `spotify`.`songs` (`song_id`, `song_title`, `song_duration`, `number_of_reproductions`, `albums_album_id`) VALUES (20, 'Dancing shoes', 3.35, 14326421, 17);

COMMIT;


-- -----------------------------------------------------
-- Data for table `spotify`.`users_has_active_playlists`
-- -----------------------------------------------------
START TRANSACTION;
USE `spotify`;
INSERT INTO `spotify`.`users_has_active_playlists` (`users_user_id`, `active_playlists_active_playlist_id`) VALUES (1, 1);
INSERT INTO `spotify`.`users_has_active_playlists` (`users_user_id`, `active_playlists_active_playlist_id`) VALUES (1, 3);
INSERT INTO `spotify`.`users_has_active_playlists` (`users_user_id`, `active_playlists_active_playlist_id`) VALUES (2, 4);
INSERT INTO `spotify`.`users_has_active_playlists` (`users_user_id`, `active_playlists_active_playlist_id`) VALUES (2, 2);
INSERT INTO `spotify`.`users_has_active_playlists` (`users_user_id`, `active_playlists_active_playlist_id`) VALUES (3, 1);
INSERT INTO `spotify`.`users_has_active_playlists` (`users_user_id`, `active_playlists_active_playlist_id`) VALUES (5, 3);
INSERT INTO `spotify`.`users_has_active_playlists` (`users_user_id`, `active_playlists_active_playlist_id`) VALUES (5, 4);
INSERT INTO `spotify`.`users_has_active_playlists` (`users_user_id`, `active_playlists_active_playlist_id`) VALUES (6, 4);
INSERT INTO `spotify`.`users_has_active_playlists` (`users_user_id`, `active_playlists_active_playlist_id`) VALUES (7, 1);
INSERT INTO `spotify`.`users_has_active_playlists` (`users_user_id`, `active_playlists_active_playlist_id`) VALUES (7, 3);
INSERT INTO `spotify`.`users_has_active_playlists` (`users_user_id`, `active_playlists_active_playlist_id`) VALUES (8, 2);
INSERT INTO `spotify`.`users_has_active_playlists` (`users_user_id`, `active_playlists_active_playlist_id`) VALUES (10, 4);

COMMIT;


-- -----------------------------------------------------
-- Data for table `spotify`.`active_playlists_has_songs`
-- -----------------------------------------------------
START TRANSACTION;
USE `spotify`;
INSERT INTO `spotify`.`active_playlists_has_songs` (`active_playlists_playlist_id`, `songs_song_id`) VALUES (1, 4);
INSERT INTO `spotify`.`active_playlists_has_songs` (`active_playlists_playlist_id`, `songs_song_id`) VALUES (1, 5);
INSERT INTO `spotify`.`active_playlists_has_songs` (`active_playlists_playlist_id`, `songs_song_id`) VALUES (1, 9);
INSERT INTO `spotify`.`active_playlists_has_songs` (`active_playlists_playlist_id`, `songs_song_id`) VALUES (1, 10);
INSERT INTO `spotify`.`active_playlists_has_songs` (`active_playlists_playlist_id`, `songs_song_id`) VALUES (1, 11);
INSERT INTO `spotify`.`active_playlists_has_songs` (`active_playlists_playlist_id`, `songs_song_id`) VALUES (1, 12);
INSERT INTO `spotify`.`active_playlists_has_songs` (`active_playlists_playlist_id`, `songs_song_id`) VALUES (2, 1);
INSERT INTO `spotify`.`active_playlists_has_songs` (`active_playlists_playlist_id`, `songs_song_id`) VALUES (2, 7);
INSERT INTO `spotify`.`active_playlists_has_songs` (`active_playlists_playlist_id`, `songs_song_id`) VALUES (2, 9);
INSERT INTO `spotify`.`active_playlists_has_songs` (`active_playlists_playlist_id`, `songs_song_id`) VALUES (2, 11);
INSERT INTO `spotify`.`active_playlists_has_songs` (`active_playlists_playlist_id`, `songs_song_id`) VALUES (2, 13);
INSERT INTO `spotify`.`active_playlists_has_songs` (`active_playlists_playlist_id`, `songs_song_id`) VALUES (3, 7);
INSERT INTO `spotify`.`active_playlists_has_songs` (`active_playlists_playlist_id`, `songs_song_id`) VALUES (3, 8);
INSERT INTO `spotify`.`active_playlists_has_songs` (`active_playlists_playlist_id`, `songs_song_id`) VALUES (3, 9);
INSERT INTO `spotify`.`active_playlists_has_songs` (`active_playlists_playlist_id`, `songs_song_id`) VALUES (3, 10);
INSERT INTO `spotify`.`active_playlists_has_songs` (`active_playlists_playlist_id`, `songs_song_id`) VALUES (3, 12);
INSERT INTO `spotify`.`active_playlists_has_songs` (`active_playlists_playlist_id`, `songs_song_id`) VALUES (3, 15);
INSERT INTO `spotify`.`active_playlists_has_songs` (`active_playlists_playlist_id`, `songs_song_id`) VALUES (3, 16);
INSERT INTO `spotify`.`active_playlists_has_songs` (`active_playlists_playlist_id`, `songs_song_id`) VALUES (3, 17);
INSERT INTO `spotify`.`active_playlists_has_songs` (`active_playlists_playlist_id`, `songs_song_id`) VALUES (3, 18);
INSERT INTO `spotify`.`active_playlists_has_songs` (`active_playlists_playlist_id`, `songs_song_id`) VALUES (4, 1);
INSERT INTO `spotify`.`active_playlists_has_songs` (`active_playlists_playlist_id`, `songs_song_id`) VALUES (4, 5);
INSERT INTO `spotify`.`active_playlists_has_songs` (`active_playlists_playlist_id`, `songs_song_id`) VALUES (4, 8);
INSERT INTO `spotify`.`active_playlists_has_songs` (`active_playlists_playlist_id`, `songs_song_id`) VALUES (4, 9);
INSERT INTO `spotify`.`active_playlists_has_songs` (`active_playlists_playlist_id`, `songs_song_id`) VALUES (4, 11);
INSERT INTO `spotify`.`active_playlists_has_songs` (`active_playlists_playlist_id`, `songs_song_id`) VALUES (4, 14);
INSERT INTO `spotify`.`active_playlists_has_songs` (`active_playlists_playlist_id`, `songs_song_id`) VALUES (4, 19);
INSERT INTO `spotify`.`active_playlists_has_songs` (`active_playlists_playlist_id`, `songs_song_id`) VALUES (4, 20);
INSERT INTO `spotify`.`active_playlists_has_songs` (`active_playlists_playlist_id`, `songs_song_id`) VALUES (5, 1);
INSERT INTO `spotify`.`active_playlists_has_songs` (`active_playlists_playlist_id`, `songs_song_id`) VALUES (5, 2);
INSERT INTO `spotify`.`active_playlists_has_songs` (`active_playlists_playlist_id`, `songs_song_id`) VALUES (5, 3);
INSERT INTO `spotify`.`active_playlists_has_songs` (`active_playlists_playlist_id`, `songs_song_id`) VALUES (5, 4);
INSERT INTO `spotify`.`active_playlists_has_songs` (`active_playlists_playlist_id`, `songs_song_id`) VALUES (5, 5);
INSERT INTO `spotify`.`active_playlists_has_songs` (`active_playlists_playlist_id`, `songs_song_id`) VALUES (5, 6);
INSERT INTO `spotify`.`active_playlists_has_songs` (`active_playlists_playlist_id`, `songs_song_id`) VALUES (5, 7);
INSERT INTO `spotify`.`active_playlists_has_songs` (`active_playlists_playlist_id`, `songs_song_id`) VALUES (5, 8);
INSERT INTO `spotify`.`active_playlists_has_songs` (`active_playlists_playlist_id`, `songs_song_id`) VALUES (5, 9);
INSERT INTO `spotify`.`active_playlists_has_songs` (`active_playlists_playlist_id`, `songs_song_id`) VALUES (5, 10);
INSERT INTO `spotify`.`active_playlists_has_songs` (`active_playlists_playlist_id`, `songs_song_id`) VALUES (5, 11);
INSERT INTO `spotify`.`active_playlists_has_songs` (`active_playlists_playlist_id`, `songs_song_id`) VALUES (5, 12);
INSERT INTO `spotify`.`active_playlists_has_songs` (`active_playlists_playlist_id`, `songs_song_id`) VALUES (5, 13);
INSERT INTO `spotify`.`active_playlists_has_songs` (`active_playlists_playlist_id`, `songs_song_id`) VALUES (5, 14);
INSERT INTO `spotify`.`active_playlists_has_songs` (`active_playlists_playlist_id`, `songs_song_id`) VALUES (5, 15);
INSERT INTO `spotify`.`active_playlists_has_songs` (`active_playlists_playlist_id`, `songs_song_id`) VALUES (5, 16);
INSERT INTO `spotify`.`active_playlists_has_songs` (`active_playlists_playlist_id`, `songs_song_id`) VALUES (5, 17);
INSERT INTO `spotify`.`active_playlists_has_songs` (`active_playlists_playlist_id`, `songs_song_id`) VALUES (5, 18);
INSERT INTO `spotify`.`active_playlists_has_songs` (`active_playlists_playlist_id`, `songs_song_id`) VALUES (5, 19);
INSERT INTO `spotify`.`active_playlists_has_songs` (`active_playlists_playlist_id`, `songs_song_id`) VALUES (5, 20);

COMMIT;


-- -----------------------------------------------------
-- Data for table `spotify`.`users_fav_artists`
-- -----------------------------------------------------
START TRANSACTION;
USE `spotify`;
INSERT INTO `spotify`.`users_fav_artists` (`users_user_id`, `artists_artist_id`) VALUES (1, 2);
INSERT INTO `spotify`.`users_fav_artists` (`users_user_id`, `artists_artist_id`) VALUES (1, 3);
INSERT INTO `spotify`.`users_fav_artists` (`users_user_id`, `artists_artist_id`) VALUES (1, 5);
INSERT INTO `spotify`.`users_fav_artists` (`users_user_id`, `artists_artist_id`) VALUES (2, 7);
INSERT INTO `spotify`.`users_fav_artists` (`users_user_id`, `artists_artist_id`) VALUES (2, 3);
INSERT INTO `spotify`.`users_fav_artists` (`users_user_id`, `artists_artist_id`) VALUES (3, 8);
INSERT INTO `spotify`.`users_fav_artists` (`users_user_id`, `artists_artist_id`) VALUES (4, 4);
INSERT INTO `spotify`.`users_fav_artists` (`users_user_id`, `artists_artist_id`) VALUES (4, 8);
INSERT INTO `spotify`.`users_fav_artists` (`users_user_id`, `artists_artist_id`) VALUES (5, 12);
INSERT INTO `spotify`.`users_fav_artists` (`users_user_id`, `artists_artist_id`) VALUES (5, 14);
INSERT INTO `spotify`.`users_fav_artists` (`users_user_id`, `artists_artist_id`) VALUES (6, 8);
INSERT INTO `spotify`.`users_fav_artists` (`users_user_id`, `artists_artist_id`) VALUES (8, 9);
INSERT INTO `spotify`.`users_fav_artists` (`users_user_id`, `artists_artist_id`) VALUES (8, 11);
INSERT INTO `spotify`.`users_fav_artists` (`users_user_id`, `artists_artist_id`) VALUES (9, 2);
INSERT INTO `spotify`.`users_fav_artists` (`users_user_id`, `artists_artist_id`) VALUES (10, 15);
INSERT INTO `spotify`.`users_fav_artists` (`users_user_id`, `artists_artist_id`) VALUES (10, 16);

COMMIT;


-- -----------------------------------------------------
-- Data for table `spotify`.`artists_has_artists`
-- -----------------------------------------------------
START TRANSACTION;
USE `spotify`;
INSERT INTO `spotify`.`artists_has_artists` (`artists_artist_id`, `artists_related_artist_id`) VALUES (1, 2);
INSERT INTO `spotify`.`artists_has_artists` (`artists_artist_id`, `artists_related_artist_id`) VALUES (1, 9);
INSERT INTO `spotify`.`artists_has_artists` (`artists_artist_id`, `artists_related_artist_id`) VALUES (2, 4);
INSERT INTO `spotify`.`artists_has_artists` (`artists_artist_id`, `artists_related_artist_id`) VALUES (3, 5);
INSERT INTO `spotify`.`artists_has_artists` (`artists_artist_id`, `artists_related_artist_id`) VALUES (3, 7);
INSERT INTO `spotify`.`artists_has_artists` (`artists_artist_id`, `artists_related_artist_id`) VALUES (3, 10);
INSERT INTO `spotify`.`artists_has_artists` (`artists_artist_id`, `artists_related_artist_id`) VALUES (4, 1);
INSERT INTO `spotify`.`artists_has_artists` (`artists_artist_id`, `artists_related_artist_id`) VALUES (4, 2);
INSERT INTO `spotify`.`artists_has_artists` (`artists_artist_id`, `artists_related_artist_id`) VALUES (4, 6);
INSERT INTO `spotify`.`artists_has_artists` (`artists_artist_id`, `artists_related_artist_id`) VALUES (4, 9);
INSERT INTO `spotify`.`artists_has_artists` (`artists_artist_id`, `artists_related_artist_id`) VALUES (5, 3);
INSERT INTO `spotify`.`artists_has_artists` (`artists_artist_id`, `artists_related_artist_id`) VALUES (5, 7);
INSERT INTO `spotify`.`artists_has_artists` (`artists_artist_id`, `artists_related_artist_id`) VALUES (6, 1);
INSERT INTO `spotify`.`artists_has_artists` (`artists_artist_id`, `artists_related_artist_id`) VALUES (6, 10);
INSERT INTO `spotify`.`artists_has_artists` (`artists_artist_id`, `artists_related_artist_id`) VALUES (6, 11);
INSERT INTO `spotify`.`artists_has_artists` (`artists_artist_id`, `artists_related_artist_id`) VALUES (6, 15);
INSERT INTO `spotify`.`artists_has_artists` (`artists_artist_id`, `artists_related_artist_id`) VALUES (7, 3);
INSERT INTO `spotify`.`artists_has_artists` (`artists_artist_id`, `artists_related_artist_id`) VALUES (7, 10);
INSERT INTO `spotify`.`artists_has_artists` (`artists_artist_id`, `artists_related_artist_id`) VALUES (8, 14);
INSERT INTO `spotify`.`artists_has_artists` (`artists_artist_id`, `artists_related_artist_id`) VALUES (9, 1);
INSERT INTO `spotify`.`artists_has_artists` (`artists_artist_id`, `artists_related_artist_id`) VALUES (9, 11);
INSERT INTO `spotify`.`artists_has_artists` (`artists_artist_id`, `artists_related_artist_id`) VALUES (10, 6);
INSERT INTO `spotify`.`artists_has_artists` (`artists_artist_id`, `artists_related_artist_id`) VALUES (10, 15);
INSERT INTO `spotify`.`artists_has_artists` (`artists_artist_id`, `artists_related_artist_id`) VALUES (11, 3);
INSERT INTO `spotify`.`artists_has_artists` (`artists_artist_id`, `artists_related_artist_id`) VALUES (11, 15);
INSERT INTO `spotify`.`artists_has_artists` (`artists_artist_id`, `artists_related_artist_id`) VALUES (12, 7);
INSERT INTO `spotify`.`artists_has_artists` (`artists_artist_id`, `artists_related_artist_id`) VALUES (12, 16);
INSERT INTO `spotify`.`artists_has_artists` (`artists_artist_id`, `artists_related_artist_id`) VALUES (13, 9);
INSERT INTO `spotify`.`artists_has_artists` (`artists_artist_id`, `artists_related_artist_id`) VALUES (14, 8);
INSERT INTO `spotify`.`artists_has_artists` (`artists_artist_id`, `artists_related_artist_id`) VALUES (15, 6);
INSERT INTO `spotify`.`artists_has_artists` (`artists_artist_id`, `artists_related_artist_id`) VALUES (15, 10);
INSERT INTO `spotify`.`artists_has_artists` (`artists_artist_id`, `artists_related_artist_id`) VALUES (15, 11);
INSERT INTO `spotify`.`artists_has_artists` (`artists_artist_id`, `artists_related_artist_id`) VALUES (16, 12);

COMMIT;


-- -----------------------------------------------------
-- Data for table `spotify`.`users_fav_albums`
-- -----------------------------------------------------
START TRANSACTION;
USE `spotify`;
INSERT INTO `spotify`.`users_fav_albums` (`users_user_id`, `albums_album_id`) VALUES (1, 2);
INSERT INTO `spotify`.`users_fav_albums` (`users_user_id`, `albums_album_id`) VALUES (1, 4);
INSERT INTO `spotify`.`users_fav_albums` (`users_user_id`, `albums_album_id`) VALUES (2, 6);
INSERT INTO `spotify`.`users_fav_albums` (`users_user_id`, `albums_album_id`) VALUES (2, 17);
INSERT INTO `spotify`.`users_fav_albums` (`users_user_id`, `albums_album_id`) VALUES (2, 15);
INSERT INTO `spotify`.`users_fav_albums` (`users_user_id`, `albums_album_id`) VALUES (3, 2);
INSERT INTO `spotify`.`users_fav_albums` (`users_user_id`, `albums_album_id`) VALUES (3, 4);
INSERT INTO `spotify`.`users_fav_albums` (`users_user_id`, `albums_album_id`) VALUES (6, 8);
INSERT INTO `spotify`.`users_fav_albums` (`users_user_id`, `albums_album_id`) VALUES (6, 12);
INSERT INTO `spotify`.`users_fav_albums` (`users_user_id`, `albums_album_id`) VALUES (8, 15);
INSERT INTO `spotify`.`users_fav_albums` (`users_user_id`, `albums_album_id`) VALUES (9, 2);
INSERT INTO `spotify`.`users_fav_albums` (`users_user_id`, `albums_album_id`) VALUES (9, 3);

COMMIT;


-- -----------------------------------------------------
-- Data for table `spotify`.`users_fav_songs`
-- -----------------------------------------------------
START TRANSACTION;
USE `spotify`;
INSERT INTO `spotify`.`users_fav_songs` (`users_user_id`, `songs_song_id`) VALUES (1, 15);
INSERT INTO `spotify`.`users_fav_songs` (`users_user_id`, `songs_song_id`) VALUES (1, 17);
INSERT INTO `spotify`.`users_fav_songs` (`users_user_id`, `songs_song_id`) VALUES (1, 4);
INSERT INTO `spotify`.`users_fav_songs` (`users_user_id`, `songs_song_id`) VALUES (2, 3);
INSERT INTO `spotify`.`users_fav_songs` (`users_user_id`, `songs_song_id`) VALUES (2, 6);
INSERT INTO `spotify`.`users_fav_songs` (`users_user_id`, `songs_song_id`) VALUES (2, 7);
INSERT INTO `spotify`.`users_fav_songs` (`users_user_id`, `songs_song_id`) VALUES (2, 19);
INSERT INTO `spotify`.`users_fav_songs` (`users_user_id`, `songs_song_id`) VALUES (3, 1);
INSERT INTO `spotify`.`users_fav_songs` (`users_user_id`, `songs_song_id`) VALUES (3, 2);
INSERT INTO `spotify`.`users_fav_songs` (`users_user_id`, `songs_song_id`) VALUES (4, 1);
INSERT INTO `spotify`.`users_fav_songs` (`users_user_id`, `songs_song_id`) VALUES (4, 8);
INSERT INTO `spotify`.`users_fav_songs` (`users_user_id`, `songs_song_id`) VALUES (4, 13);
INSERT INTO `spotify`.`users_fav_songs` (`users_user_id`, `songs_song_id`) VALUES (5, 4);
INSERT INTO `spotify`.`users_fav_songs` (`users_user_id`, `songs_song_id`) VALUES (5, 14);
INSERT INTO `spotify`.`users_fav_songs` (`users_user_id`, `songs_song_id`) VALUES (5, 15);
INSERT INTO `spotify`.`users_fav_songs` (`users_user_id`, `songs_song_id`) VALUES (5, 20);
INSERT INTO `spotify`.`users_fav_songs` (`users_user_id`, `songs_song_id`) VALUES (6, 11);
INSERT INTO `spotify`.`users_fav_songs` (`users_user_id`, `songs_song_id`) VALUES (7, 10);
INSERT INTO `spotify`.`users_fav_songs` (`users_user_id`, `songs_song_id`) VALUES (7, 12);
INSERT INTO `spotify`.`users_fav_songs` (`users_user_id`, `songs_song_id`) VALUES (7, 16);
INSERT INTO `spotify`.`users_fav_songs` (`users_user_id`, `songs_song_id`) VALUES (10, 1);
INSERT INTO `spotify`.`users_fav_songs` (`users_user_id`, `songs_song_id`) VALUES (10, 3);
INSERT INTO `spotify`.`users_fav_songs` (`users_user_id`, `songs_song_id`) VALUES (10, 5);

COMMIT;

